file_id	sample_barcode	sample_type
ead53b27-6ad9-4b96-b5d4-0d4f06fb2d13	TCGA-A8-A09E-01A	Primary Tumor
0e1999e0-9c02-4804-88b6-60b46d100739	TCGA-A7-A0DC-01A	Primary Tumor
9e056a2a-a643-478a-b96c-85d5221f487a	TCGA-A7-A0DC-11A	Solid Tissue Normal
3e8cff80-ed17-479c-8327-ca8e71ee7482	TCGA-A7-A0DC-01B	Primary Tumor
385ddd6f-c126-4c4f-acde-1ef2d74d3639	TCGA-A8-A08F-01A	Primary Tumor
91060c43-f1e3-49ea-a3c9-96def417716b	TCGA-A8-A091-01A	Primary Tumor
84cff855-d17a-4c09-b432-53893ae69c1e	TCGA-GI-A2C8-11A	Solid Tissue Normal
d796de5e-4512-4b3a-93d4-2a006e79084f	TCGA-E2-A1L7-11A	Solid Tissue Normal
e12f17ae-dc1f-4e91-93bd-b827ad276dde	TCGA-AO-A0JI-01A	Primary Tumor
7ba3b335-cd4c-4b44-a4da-44fa1109a6f0	TCGA-A2-A0D4-01A	Primary Tumor
db5aadbb-3042-4c20-8235-ccd19634d9d3	TCGA-AC-A62V-01A	Primary Tumor
176e739b-87e2-49b7-80e1-c27a6a632576	TCGA-D8-A1XB-01A	Primary Tumor
2c74854f-4afe-48c3-9c81-d64634c14677	TCGA-OL-A6VQ-01A	Primary Tumor
cd47d9e9-8072-4681-93ac-6c1420f6624c	TCGA-B6-A0WV-01A	Primary Tumor
2291d3f5-8269-4f31-adad-4b873c7ac770	TCGA-LL-A442-01A	Primary Tumor
51aab02d-11b1-4ef3-a8f3-8146b6c24aad	TCGA-E9-A22G-01A	Primary Tumor
25294e7a-1f15-411c-a2fd-93097e387db2	TCGA-PE-A5DC-01A	Primary Tumor
28aa7b6c-d5ec-4aa1-9c39-70d571efe6fb	TCGA-A2-A0EP-01A	Primary Tumor
d2007230-83cb-4f12-bec5-e42afc4a58cd	TCGA-AN-A0AK-01A	Primary Tumor
7afb1455-c2b6-4ae2-95ec-682ae7df34a2	TCGA-BH-A28Q-01A	Primary Tumor
69f5df3f-273f-4e02-934b-af9c9ec52067	TCGA-A2-A259-01A	Primary Tumor
05aa6d12-6d48-4ecb-8211-036e647ef72e	TCGA-AC-A2FF-01A	Primary Tumor
6c3f2469-50ea-48a7-bb17-043e74e54535	TCGA-AC-A2FG-01A	Primary Tumor
88a16056-cc45-4fee-99e0-f7fc7e1971df	TCGA-BH-A0B0-01A	Primary Tumor
16ffdede-3d07-431a-a4ed-318c7a66c096	TCGA-AO-A0JD-01A	Primary Tumor
e173c170-b7c6-4aa9-9f34-33cd02702d75	TCGA-AO-A128-01A	Primary Tumor
195c9f03-31c3-465a-ac58-3949246b173b	TCGA-BH-A1FE-01A	Primary Tumor
9a6563cf-557b-4f26-b6a2-6c6f1eb03654	TCGA-BH-A0BM-01A	Primary Tumor
c5e46ae9-c4c1-4afd-a772-392ede15808d	TCGA-AN-A0FZ-01A	Primary Tumor
4f54add3-c33d-4bc9-9e1f-c75f52d15f1e	TCGA-BH-A1FE-11B	Solid Tissue Normal
fc0e74d2-ab94-48b1-8e31-808bde7a3fe6	TCGA-A8-A07F-01A	Primary Tumor
31e1dbf5-8c97-4e4d-a488-d6737ab304c2	TCGA-A2-A0EO-01A	Primary Tumor
222b562a-3ef7-4e69-a60d-54aac5104102	TCGA-A1-A0SP-01A	Primary Tumor
0d11c50a-8648-48ea-a107-e138a1d3e086	TCGA-BH-A1F8-11B	Solid Tissue Normal
0c068d5a-ccad-47a5-bfe0-0dc5f136d6aa	TCGA-A2-A3XT-01A	Primary Tumor
d5358d17-4c49-46fa-8a96-4af9ab298ab4	TCGA-BH-A5J0-01A	Primary Tumor
20e90b8d-aa05-4918-8e54-1b969488148f	TCGA-A8-A08I-01A	Primary Tumor
3c70b5af-2238-4fbe-991b-dc68975cc7f1	TCGA-A7-A26F-01A	Primary Tumor
be65c37e-7aa8-466d-a1fe-102e8e25e2e9	TCGA-AR-A255-01A	Primary Tumor
051a1102-a815-4b39-b903-80d8b4a2348f	TCGA-AO-A0J8-01A	Primary Tumor
5711aa8f-5cd6-41d0-b469-40f049556693	TCGA-C8-A278-01A	Primary Tumor
be10214b-9a03-4556-b28b-5775028c782b	TCGA-AC-A3W7-01A	Primary Tumor
70ea9273-29f3-425a-ba66-5b75db62c9b7	TCGA-B6-A0IE-01A	Primary Tumor
06fc39a9-8059-4ac7-9b2b-64f6c7d3b8a1	TCGA-UL-AAZ6-01A	Primary Tumor
4c8d0d1a-dbd3-4124-8458-dfb61f61f11c	TCGA-A2-A0CL-01A	Primary Tumor
b26b27b0-5209-483c-a359-9a5d3ae920e9	TCGA-BH-A6R8-01A	Primary Tumor
73ac99d6-d01b-45d9-8df2-205610109911	TCGA-AC-A23E-01A	Primary Tumor
2e6baa15-85d7-43b0-8a89-a0dc169ae16a	TCGA-AC-A3HN-01A	Primary Tumor
7b9b6f5f-bd99-421a-a22c-d3fbe110ee73	TCGA-E2-A108-01A	Primary Tumor
7b4d770a-2b8c-4ca5-bf51-c4745c5de39a	TCGA-3C-AALK-01A	Primary Tumor
934935ae-037b-451d-a696-0679b07bd401	TCGA-BH-A0DP-11A	Solid Tissue Normal
537ec810-35bc-47d8-8242-72ef91cd63e0	TCGA-AO-A0J9-01A	Primary Tumor
cd417f4e-c065-4e73-a7c7-955b2fe71add	TCGA-A7-A26G-01A	Primary Tumor
783b4e4f-d65d-4025-a7ce-99a7e86255e9	TCGA-E2-A1IJ-01A	Primary Tumor
280141da-fd54-4901-bc15-5d106c56fb23	TCGA-BH-A0B4-01A	Primary Tumor
81801e72-d293-42e0-8871-5468e33b6d89	TCGA-BH-A0B6-01A	Primary Tumor
b01d7dfd-b577-48b8-8bf2-3c74bb617601	TCGA-BH-A0B5-11A	Solid Tissue Normal
d757b1cc-31a6-495a-ae82-c63b031ece49	TCGA-BH-A1F6-11B	Solid Tissue Normal
b0e906d2-e2ae-49fa-8d7a-8a00f1d6d0a1	TCGA-A8-A07R-01A	Primary Tumor
ddd1c3de-8266-4f56-a982-bcc20b868e90	TCGA-E9-A54Y-01A	Primary Tumor
82004d79-07d3-4a01-b266-4d36353ba561	TCGA-E2-A1L6-01A	Primary Tumor
1cf56202-05e5-41ad-9f27-3519bee045f4	TCGA-EW-A1J5-01A	Primary Tumor
ca6e4602-bcd4-4299-bd31-37f585658b8a	TCGA-EW-A6S9-01A	Primary Tumor
ec9fb459-42b7-47eb-8c3a-48f492a7b2dc	TCGA-AC-A6IV-01A	Primary Tumor
63454d5d-a654-4be0-b812-dd5c98d07ea1	TCGA-E2-A1LB-01A	Primary Tumor
c64a0adb-56a8-4966-9dd9-1acd789c1bb3	TCGA-A8-A07J-01A	Primary Tumor
83f2e26b-fefd-4027-ac5e-fa204ec9f084	TCGA-EW-A6SB-01A	Primary Tumor
be4d1c31-e925-4eb0-aa96-974b6f6bcc07	TCGA-A8-A06X-01A	Primary Tumor
6d488c27-ae90-41d4-8ddb-01a8eb731f0e	TCGA-A2-A0YI-01A	Primary Tumor
c782b873-2727-4fe4-9c9a-741964290349	TCGA-C8-A26X-01A	Primary Tumor
3448aa6c-0de2-4d47-9bac-19507aee7492	TCGA-BH-A0BV-11A	Solid Tissue Normal
11396f70-0482-493b-b64f-60ce00c58837	TCGA-AC-A6IX-06A	Metastatic
befa225f-9fe9-412f-a503-449874cf52d8	TCGA-C8-A12T-01A	Primary Tumor
26415014-f0fe-4b7c-b9dc-2a6f85d47a5e	TCGA-D8-A1XA-01A	Primary Tumor
a10463d8-e74c-490c-b8ed-1dbc6227e32f	TCGA-E2-A15A-06A	Metastatic
664d7ba8-9b87-4f17-b98d-8e07dea3c488	TCGA-E2-A1IF-01A	Primary Tumor
2abc5233-1389-4efb-ba21-de05251ab25a	TCGA-AR-A24S-01A	Primary Tumor
02a11397-2a9b-4dba-8c6a-6b9f0aa24372	TCGA-B6-A408-01A	Primary Tumor
1a4e1855-911d-4eb4-bc77-547bc3b8e063	TCGA-PL-A8LY-01A	Primary Tumor
04e03ae1-b2f3-446d-862d-172fea6320de	TCGA-A7-A0CE-01A	Primary Tumor
f43b97fd-8953-4a5e-bafb-eb572145abe3	TCGA-AC-A6IX-01A	Primary Tumor
452e9e11-5545-4e7a-abfb-2486e70206bd	TCGA-AR-A24W-01A	Primary Tumor
040d00da-2bc9-49d4-bf6c-b4515b6a2bbf	TCGA-BH-A18V-11A	Solid Tissue Normal
15d7e135-acb7-46ef-a8b1-f424e40a9e4d	TCGA-AN-A0FS-01A	Primary Tumor
5a827399-307b-412b-a2ce-f6c81d2750a6	TCGA-AR-A0TY-01A	Primary Tumor
cd2dcf58-da3a-4070-b42f-07d0102a342e	TCGA-EW-A1PG-01A	Primary Tumor
0b4cae8e-1a2c-4ba9-b126-5abf35f73b36	TCGA-A7-A3J0-01A	Primary Tumor
57a43ef5-102a-4cd9-833d-00a2daf4e56a	TCGA-E2-A1BD-01A	Primary Tumor
fecd341d-a370-4092-be40-e07fc44500e5	TCGA-OL-A5D8-01A	Primary Tumor
c7aeba7e-b78e-4586-a4dd-8a04cc440737	TCGA-BH-A18Q-01A	Primary Tumor
336f0e3e-878e-4ee8-b2aa-cc536f3432f3	TCGA-BH-A18Q-11A	Solid Tissue Normal
03891509-3109-450d-8564-77b024a6128e	TCGA-E2-A10E-01A	Primary Tumor
30ff778c-844b-4140-9025-7ab1938f10a9	TCGA-A8-A08H-01A	Primary Tumor
c9230a1c-9844-43ef-a2c3-95ea6061000b	TCGA-BH-A0DD-11A	Solid Tissue Normal
0d669e80-cb31-4afb-bd3f-07d69f10eb3f	TCGA-C8-A1HG-01A	Primary Tumor
20110ed9-8b45-4a62-bd13-e0281915a06b	TCGA-D8-A1JS-01A	Primary Tumor
b5f2a171-35a3-4b7f-9221-199c589f3147	TCGA-E2-A15G-01A	Primary Tumor
3a0c96d3-4cea-44a3-99e5-71622279700f	TCGA-BH-A0HW-01A	Primary Tumor
d721071e-6c0e-46df-9158-1fe37a64f1ed	TCGA-A2-A25E-01A	Primary Tumor
c4241ab5-95b7-4870-aaed-55541756c42f	TCGA-A8-A08C-01A	Primary Tumor
fd4bd1de-fc4a-42bc-aca5-5ac16ec14118	TCGA-A2-A25C-01A	Primary Tumor
a7091211-3bf5-4d3b-8625-57281bc0cd56	TCGA-UU-A93S-01A	Primary Tumor
7000e222-556a-4548-9542-9337ba70f79c	TCGA-BH-A0C3-11A	Solid Tissue Normal
7789d241-991c-4cc9-a557-69d5c439b930	TCGA-BH-A0WA-01A	Primary Tumor
bb1ee078-38d1-4e5d-af50-50754fce7112	TCGA-BH-A6R9-01A	Primary Tumor
7140b89b-50b6-42ed-a69d-1cbc7901d530	TCGA-GM-A2DN-01A	Primary Tumor
d3badb09-df1e-488e-ade9-97f1925b5649	TCGA-C8-A12L-01A	Primary Tumor
f69ca0e5-201f-4066-81a5-c5b9c8a5012c	TCGA-AR-A1AN-01A	Primary Tumor
0e89f9f0-419f-46e7-981d-781a1302e4be	TCGA-BH-A18S-11A	Solid Tissue Normal
cee1efda-644b-4cee-aad2-d7f5ca93cdec	TCGA-A8-A08O-01A	Primary Tumor
ea5c9d47-1803-4bd5-88da-352e172bc45d	TCGA-AQ-A54N-01A	Primary Tumor
819746a4-f2c1-4fc2-8dbe-b9c34892d510	TCGA-A8-A09W-01A	Primary Tumor
017d71aa-0999-4d8e-9cb4-88b9013e61eb	TCGA-AR-A0TU-01A	Primary Tumor
5113a198-1bfe-4d4e-8e17-4c8e3359061a	TCGA-E2-A1LA-01A	Primary Tumor
0a511373-8fd3-433a-a5e1-877530d6a239	TCGA-A7-A13E-01A	Primary Tumor
3e3125cd-a554-4a76-a9e2-b9187e0db6ab	TCGA-EW-A1OZ-01A	Primary Tumor
be6f8b24-e668-41c6-89f7-f4cdc8533cae	TCGA-BH-A0DZ-01A	Primary Tumor
7be570ba-7f69-431e-88c2-614e92bc88ae	TCGA-AR-A24X-01A	Primary Tumor
e6ea1343-0da3-43f3-9845-4845db02edb8	TCGA-S3-AA14-01A	Primary Tumor
d6882616-b77d-4d4c-90dc-7318c57876e1	TCGA-AO-A12F-01A	Primary Tumor
44c12577-af9f-4f8c-8b18-24269d6604cb	TCGA-S3-AA0Z-01A	Primary Tumor
a7d3a4c0-36ee-43ff-bdcc-37db4b11df76	TCGA-E2-A10F-01A	Primary Tumor
79d67844-5389-40ee-a1fd-5b19ecf81b73	TCGA-A7-A2KD-01A	Primary Tumor
9b2a1467-775c-48cf-9a3c-e259ccd344e4	TCGA-E9-A3X8-01A	Primary Tumor
a8fa9282-6695-477a-8202-73882cdfa8f7	TCGA-D8-A73U-01A	Primary Tumor
f36e613e-af30-4b1c-aaf3-89540e05ddb1	TCGA-B6-A0IG-01A	Primary Tumor
3f44f7ab-7299-4b8e-b2b9-16ed5291e727	TCGA-OL-A66I-01A	Primary Tumor
9d487523-ce75-4146-98d9-aed08dc2f632	TCGA-EW-A6SC-01A	Primary Tumor
e3569a42-412b-405d-a1ca-5c89b1ea36d0	TCGA-AN-A0XS-01A	Primary Tumor
478a40b1-0f88-401d-92b6-4b58b2c56798	TCGA-LD-A74U-01A	Primary Tumor
5e05ff45-9f44-484d-889f-529e2bfe2a48	TCGA-E9-A22B-01A	Primary Tumor
0a7421d4-5722-427a-9643-da1074e5c25c	TCGA-BH-A1EV-01A	Primary Tumor
248ac510-a5af-4608-9cdc-5c8673633b82	TCGA-BH-A1FC-11A	Solid Tissue Normal
e0b65eec-7c30-4607-9cae-c8e8463c80c5	TCGA-LL-A5YO-01A	Primary Tumor
c1ac2f8b-9ff2-47b9-a685-6cf10a7a925f	TCGA-BH-A0E1-01A	Primary Tumor
dafb2454-1ea7-4cb6-8b3b-2b5b6f19aa89	TCGA-BH-A0E1-11A	Solid Tissue Normal
ef181439-d071-40e0-a185-f29343085f8c	TCGA-AR-A1AQ-01A	Primary Tumor
b4835808-46fa-4b6c-a933-92acc9908319	TCGA-A7-A6VW-01A	Primary Tumor
e0cb738d-854a-4033-b370-79fa28d7cef8	TCGA-XX-A899-01A	Primary Tumor
a9b2ff1a-3b37-4388-a1e6-826e2edea49b	TCGA-AC-A3TN-01A	Primary Tumor
f90e51cb-b862-4a76-acb0-cc882bfb4ee6	TCGA-EW-A1PF-01A	Primary Tumor
d141392c-757b-44f5-b531-0bcc136d8b17	TCGA-AN-A04D-01A	Primary Tumor
9cf6e387-2b87-4f53-bb5a-d545a78f21cd	TCGA-BH-A0BA-01A	Primary Tumor
1c3a771f-43db-4b45-93f8-f8e6d2ab6847	TCGA-B6-A0RI-01A	Primary Tumor
f7b5d569-1a46-4f23-bfca-a46daacda793	TCGA-AR-A24N-01A	Primary Tumor
ab3475d0-e057-4512-8c01-a5383359a1ad	TCGA-BH-A0H5-11A	Solid Tissue Normal
11631339-f447-4b28-97a8-3c7c6ccbc843	TCGA-E2-A3DX-01A	Primary Tumor
99ce2ebd-7a50-4808-ba75-8626ad6d7cfd	TCGA-AC-A3W6-01A	Primary Tumor
898920ea-31b3-4244-a413-4b957e93594f	TCGA-A7-A425-01A	Primary Tumor
35f78d43-917b-4a7b-b992-d004056a370f	TCGA-E2-A15C-01A	Primary Tumor
8e60d7c9-0fee-415f-b7bd-072f1bcd0fac	TCGA-LD-A7W6-01A	Primary Tumor
89fa8a0c-e046-4fbf-97c5-4ed5cc4e5e4c	TCGA-A7-A5ZV-01A	Primary Tumor
d5664879-53a0-490a-a3cb-47c551b6bf34	TCGA-BH-A1FN-11A	Solid Tissue Normal
e99a371e-14fa-46f7-89c1-ad36bcd82994	TCGA-E2-A1LH-01A	Primary Tumor
798e4669-4ca3-4af1-b713-be2b1f30e4dc	TCGA-GM-A3NW-01A	Primary Tumor
5b4ec1fd-516d-4c32-a233-0699e591df1a	TCGA-D8-A1J9-01A	Primary Tumor
d80334e2-0ee0-432a-aa78-3d6ca1f017e5	TCGA-C8-A8HR-01A	Primary Tumor
7300d49e-2e8c-42e0-873a-1674a19b71e6	TCGA-D8-A1JF-01A	Primary Tumor
808f4ac6-9bc9-402f-be36-b7ec8658c150	TCGA-E9-A1R7-11A	Solid Tissue Normal
a9f49b86-3801-420d-915c-0e09a15c6e59	TCGA-BH-A0BJ-11A	Solid Tissue Normal
8d558ae5-f3a1-49fa-aa44-5abc6244b57a	TCGA-E2-A1B4-01A	Primary Tumor
490df7f9-4b05-449d-bf47-d7de49aa50c0	TCGA-EW-A423-01A	Primary Tumor
d880fcce-ad8a-4402-911c-11129d2225df	TCGA-D8-A27T-01A	Primary Tumor
55214dd2-b3e8-444c-9d02-3db6008b1920	TCGA-BH-A208-01A	Primary Tumor
a542178a-a338-40d4-be52-b9a71af89b58	TCGA-AO-A03T-01A	Primary Tumor
8849e5bf-ff35-4cbf-972c-01fb92201a73	TCGA-BH-A208-11A	Solid Tissue Normal
363736c4-cc2d-4920-a10b-bd0de899cdb1	TCGA-BH-A0E9-01B	Primary Tumor
7e0c78b6-4020-47b6-a8bf-46cf290c5c85	TCGA-BH-A2L8-01A	Primary Tumor
f6392b6f-24d9-4768-8269-c7c647f8ff8c	TCGA-A2-A0YH-01A	Primary Tumor
2ff175d2-100f-4ce8-8d1e-b3b95b41ae56	TCGA-AN-A0FT-01A	Primary Tumor
bc39baa2-786e-4d9a-874e-a7f4febc3be2	TCGA-AO-A03V-01A	Primary Tumor
59858555-bc6a-4286-8280-0f8341123cac	TCGA-AR-A1AH-01A	Primary Tumor
f45af277-1f94-4cdd-97d4-8ccdbd7ff18e	TCGA-AC-A23H-11A	Solid Tissue Normal
b9549737-232d-446f-812f-e7e015bfb462	TCGA-EW-A1J3-01A	Primary Tumor
d5120825-ab1f-446c-af1e-3be57846a15b	TCGA-AN-A0AS-01A	Primary Tumor
9054231e-9b1f-4ee4-b22c-1e9dbfdcfc03	TCGA-B6-A0X7-01A	Primary Tumor
51886a03-7aee-4b58-806f-906a29bfad0c	TCGA-D8-A141-01A	Primary Tumor
392edd04-fdec-4eb7-ba2e-cef02519c219	TCGA-E9-A1RC-11A	Solid Tissue Normal
8c600781-5238-4b46-80bc-aa2710c1ed3f	TCGA-E9-A1RC-01A	Primary Tumor
f55dbdb1-0301-4000-a854-717aed117a63	TCGA-A2-A4RY-01A	Primary Tumor
3fafe34a-38e2-4645-af4e-0d77fd5464c1	TCGA-OL-A5S0-01A	Primary Tumor
65264188-23f8-4214-a45a-574f47471bb3	TCGA-AC-A8OR-01A	Primary Tumor
87b59374-da2d-41ba-bbde-43a9022eac2c	TCGA-A2-A0CK-01A	Primary Tumor
68814d4d-9db8-471f-b4b3-5c2fecb10773	TCGA-E2-A56Z-01A	Primary Tumor
4b96ee43-874c-4fa6-b5ce-08caf37ef2e1	TCGA-A7-A13E-01A	Primary Tumor
d914654b-ec4f-4be5-a525-2997a4b39279	TCGA-B6-A0RV-01A	Primary Tumor
4e98f490-cbdf-4864-8cc3-b5f9d3c95146	TCGA-E9-A1R6-01A	Primary Tumor
7d0189e8-9726-439a-b5e4-b650bc33794b	TCGA-BH-A0C7-01B	Primary Tumor
478c9754-5a19-477b-8b9d-0825f95f88ff	TCGA-E2-A570-01A	Primary Tumor
27513ce4-3807-481f-abcb-c59774a90519	TCGA-BH-A0AY-01A	Primary Tumor
5755f322-5df5-4b88-9c79-640167775c12	TCGA-E2-A1LS-01A	Primary Tumor
2a2d5de1-44d7-4c83-91d6-fc1b3c136143	TCGA-A8-A09N-01A	Primary Tumor
78b9cc4c-a99b-4814-9538-3cf9515af75b	TCGA-A8-A09D-01A	Primary Tumor
0a74ea3f-dadc-4c9f-96ea-62a77c1e602c	TCGA-C8-A135-01A	Primary Tumor
d5d23d6a-c141-442f-ac4f-714e46b8d9ef	TCGA-A2-A0T5-01A	Primary Tumor
19264a73-b106-4b24-be01-0a9a137c6de9	TCGA-D8-A1J8-01A	Primary Tumor
e20d0db7-984a-4bcf-9f1e-54ec63d55a2f	TCGA-C8-A133-01A	Primary Tumor
9b13d7e4-d265-4c0b-8aa3-5b4af70ff87d	TCGA-EW-A1IY-01A	Primary Tumor
09f9ebad-e7cd-4c20-9eab-8fd2066d9051	TCGA-BH-A1FC-01A	Primary Tumor
fc203d80-6254-402c-8c8b-a5500bfa909e	TCGA-AR-A0TV-01A	Primary Tumor
63adf5e2-d5cb-4937-a0ee-f2914e130b25	TCGA-E9-A1N9-11A	Solid Tissue Normal
1277b2ec-0374-403f-8bba-cb57aeeb0d01	TCGA-D8-A4Z1-01A	Primary Tumor
707414cc-7f34-41c6-8803-6641521a4069	TCGA-AO-A1KR-01A	Primary Tumor
ada5cdcf-f9e0-4209-aa92-ac3b921bbdf4	TCGA-E2-A14X-01A	Primary Tumor
6185d5c4-f757-4baa-bd82-fd4050c57312	TCGA-OL-A5RU-01A	Primary Tumor
ac16e2b7-9566-4330-8e13-4b31b92410e4	TCGA-PL-A8LX-01A	Primary Tumor
d9126541-4eb3-48fc-88ed-2e0ecea0d9d4	TCGA-E9-A1N5-01A	Primary Tumor
da93e1a9-6863-4c98-b1fd-52d22ecbca45	TCGA-S3-AA17-01A	Primary Tumor
c94fb480-7f46-4c24-bcb1-26f66a57c45a	TCGA-A2-A0YE-01A	Primary Tumor
d93c4b85-2617-43d9-8017-ed3a82dc4117	TCGA-AC-A3EH-01A	Primary Tumor
80c3e656-26e4-4b45-acce-fac1a0c09d28	TCGA-B6-A40B-01A	Primary Tumor
abefed1d-9f40-4a97-9435-4d9df47f7ebd	TCGA-D8-A147-01A	Primary Tumor
90e074a0-ca6d-4031-aa26-f79e5c662ba7	TCGA-BH-A0HO-01A	Primary Tumor
89dfc6f3-9f78-4e03-a2e7-e9010c7814a2	TCGA-AN-A049-01A	Primary Tumor
9b980569-4da2-43ee-a06a-18ee09baf41d	TCGA-A2-A0CP-01A	Primary Tumor
2c3000b7-4db9-4f00-a82a-ca6802806631	TCGA-C8-A1HM-01A	Primary Tumor
de6f1503-33d7-4f86-b835-bdffba7ea4e3	TCGA-BH-A0BC-01A	Primary Tumor
cf089a52-2196-422d-affa-a5f434edd134	TCGA-A8-A08L-01A	Primary Tumor
a03952ab-2ac1-43a5-a438-1f022bcd0b16	TCGA-E2-A14Q-01A	Primary Tumor
03d18286-1038-4c0c-9c05-d1269e280250	TCGA-BH-A0H5-01A	Primary Tumor
386ce911-e1c2-4d68-b0a3-aac157e1a555	TCGA-PE-A5DE-01A	Primary Tumor
d53192c4-2356-4b6c-b98f-19eded7b7e29	TCGA-LQ-A4E4-01A	Primary Tumor
ab06e3b7-52ef-45e4-8fc6-dbb4f63b110e	TCGA-BH-A1FN-01A	Primary Tumor
18b0bd2d-505f-4ecb-9bea-b52e6a74cebd	TCGA-E2-A1LH-11A	Solid Tissue Normal
4ef3b472-5fce-4e6a-a835-659cc3fee694	TCGA-BH-A0BO-01A	Primary Tumor
4660cd29-08ac-452c-9bb8-10e9d9e906ab	TCGA-BH-A0BJ-01A	Primary Tumor
09f1c0ee-ee22-435f-88c9-d9f5c936c45c	TCGA-A8-A09X-01A	Primary Tumor
97dbbbc5-cd1a-4bb8-99c5-600870ccd35d	TCGA-GM-A2DC-01A	Primary Tumor
aa2ab118-b3cc-4452-a29c-104f80f16f8d	TCGA-E2-A153-01A	Primary Tumor
4f89dad8-a12e-47d2-a7d9-c1b90f1bd61b	TCGA-D8-A1JN-01A	Primary Tumor
383b947b-6824-4c75-b4f3-ccfa933d3d33	TCGA-A2-A4S0-01A	Primary Tumor
f03677e2-11ab-40b2-8499-591357c2c9d6	TCGA-BH-A0AV-01A	Primary Tumor
6ac73ea5-48e8-40d8-8383-fa28991813fd	TCGA-A2-A0YJ-01A	Primary Tumor
1a8d6cfd-095d-4461-875a-56d27816a0f5	TCGA-E2-A10A-01A	Primary Tumor
1ce0d66a-176d-4d8a-b1c4-64d847e299be	TCGA-BH-A1FM-11B	Solid Tissue Normal
f73d3dce-d75f-4f76-b49c-99348ee641cc	TCGA-OL-A5RX-01A	Primary Tumor
ccb87d7a-2729-4017-bc17-10e5a67bd5cc	TCGA-E2-A15M-11A	Solid Tissue Normal
c4a9a1df-4397-409e-85ec-30e0789377c2	TCGA-BH-A42V-01A	Primary Tumor
06952c59-978d-4ef4-b716-c55dd6747699	TCGA-A7-A13E-01B	Primary Tumor
0a06329d-82cd-41a9-822e-43cfd49e63a2	TCGA-A8-A082-01A	Primary Tumor
c95a37a1-d3cd-421c-bc5f-0f8dc448f64c	TCGA-A2-A04P-01A	Primary Tumor
90116c25-271c-4be2-b20f-295448e6e421	TCGA-BH-A0DH-11A	Solid Tissue Normal
9c99e8d0-a96d-4252-8ea8-e15bfae278c3	TCGA-D8-A1JT-01A	Primary Tumor
c25c7ca5-8d03-4bba-b42b-c8b1042c0d48	TCGA-OK-A5Q2-01A	Primary Tumor
3c2914f4-200f-4bec-93f0-b0fdb6460378	TCGA-PL-A8LZ-01A	Primary Tumor
97387357-c741-43a6-9b3a-55c925f9a516	TCGA-D8-A1XJ-01A	Primary Tumor
9e5ecae5-faf0-41a2-a795-d1b4db79486a	TCGA-E2-A1LS-11A	Solid Tissue Normal
c8c7b9cc-7015-4405-a7f5-f60587de285a	TCGA-D8-A142-01A	Primary Tumor
447e3faf-a5f2-4739-b2aa-c907f33b634a	TCGA-E9-A1RB-11A	Solid Tissue Normal
4c941474-f3e0-4735-bad0-cff8894fb08d	TCGA-D8-A1XM-01A	Primary Tumor
9c0043c4-b65a-42ca-9f02-fe1cef04beaf	TCGA-B6-A0RS-01A	Primary Tumor
739fe30a-4fae-4f4d-a360-3ab300a4848a	TCGA-BH-A0DV-11A	Solid Tissue Normal
f6565f25-4317-4615-a437-af79da929ecd	TCGA-B6-A3ZX-01A	Primary Tumor
7aff89e2-86cb-43d8-96cd-341c02ebdd49	TCGA-C8-A3M7-01A	Primary Tumor
5405b59e-44cc-4745-b838-ca279210cbed	TCGA-AR-A1AK-01A	Primary Tumor
c9920595-31f2-4977-b6bd-c0fa3ffcf461	TCGA-E9-A1RB-01A	Primary Tumor
7f1cbb4f-aecf-42be-91cc-fb35d03447df	TCGA-AO-A0JE-01A	Primary Tumor
bbd09e9b-84ba-458f-a595-b03069b843dd	TCGA-A2-A0T0-01A	Primary Tumor
575ef8e2-dfbc-48b3-9836-089b94498e09	TCGA-A8-A09G-01A	Primary Tumor
1d7789a1-1ff1-4865-a9c9-dfb40e57aff5	TCGA-A2-A0CT-01A	Primary Tumor
56e43b33-6dc7-496b-bdee-75e5fed5d502	TCGA-A8-A09M-01A	Primary Tumor
58764dda-7c61-4705-a834-4d654c60ef2b	TCGA-AR-A1AY-01A	Primary Tumor
196aed5b-6812-47c5-ad7b-4dd1743ed0b5	TCGA-BH-A0BR-01A	Primary Tumor
fbdb3ca1-c7c8-437e-a315-25e3bc623236	TCGA-AO-A1KP-01A	Primary Tumor
e748021e-b8ec-4b17-8b59-ce9d0a3d42e1	TCGA-A2-A0SW-01A	Primary Tumor
12b68e56-a83f-4b65-bb66-59e8522acbc9	TCGA-A8-A09Z-01A	Primary Tumor
7774e389-c3c5-4abf-846c-4e8eead7e521	TCGA-AR-A1AI-01A	Primary Tumor
e8149278-3269-4dbe-9500-7045fd56cd2f	TCGA-B6-A2IU-01A	Primary Tumor
fd121fe6-7529-4a92-a324-2186622180b3	TCGA-A2-A1FZ-01A	Primary Tumor
1af79ae6-8b40-40ae-8f68-195d8367ac38	TCGA-OL-A66P-01A	Primary Tumor
75a7e5eb-1db8-4858-9a9f-78abea32ccd4	TCGA-E9-A3HO-01A	Primary Tumor
158cc60a-89b0-40f0-8536-8c0f0e31429b	TCGA-BH-A0DS-01A	Primary Tumor
243fe98b-3355-4b09-8094-b9e06a2b8329	TCGA-E9-A245-01A	Primary Tumor
c7646bc5-436b-4ad5-b5ae-894b2e843cda	TCGA-AO-A0JJ-01A	Primary Tumor
95775d9a-4f7f-47c9-806b-acea8e01d40e	TCGA-BH-A0HP-01A	Primary Tumor
7d904415-9887-4738-99ae-66dcd60084ac	TCGA-A2-A0D3-01A	Primary Tumor
ac7c3a38-5d88-488e-86f7-1c72a26fe5ef	TCGA-BH-A18F-01A	Primary Tumor
7860a938-e43a-4c3a-83b4-6578cea95df8	TCGA-E2-A150-01A	Primary Tumor
b4d6811f-cb5c-4ad9-8f13-5d58f0b6afd4	TCGA-A8-A0A6-01A	Primary Tumor
ccd3b6f5-b425-47fb-b48e-0e24a4d6a4b2	TCGA-B6-A0I2-01A	Primary Tumor
a58e2ae3-a236-4209-8292-70465216cb85	TCGA-AO-A12D-01A	Primary Tumor
7baccc3d-54ba-4a3f-8ec0-b54ccd92df45	TCGA-E9-A1RA-01A	Primary Tumor
2dc5eb24-fb84-455a-ae05-3b58ad2fc284	TCGA-B6-A0X4-01A	Primary Tumor
3bc9d1c0-b57f-44b5-8624-b3ee99aeafe4	TCGA-AO-A03R-01A	Primary Tumor
4dc3285f-fd32-4a3e-ad59-28597ab5323a	TCGA-C8-A132-01A	Primary Tumor
d7e1d1f4-3189-401d-91dc-048ab13ce5df	TCGA-EW-A1J6-01A	Primary Tumor
39b28d5e-fc51-4dfc-bcbe-0285c3bad830	TCGA-BH-A0DG-01A	Primary Tumor
1479c033-ebe7-423d-8460-bbe84fd5ffb6	TCGA-BH-A0DG-11A	Solid Tissue Normal
5978f5bd-575c-4b95-9265-654af1127685	TCGA-BH-A0HU-01A	Primary Tumor
c55e6460-fea1-468e-951e-bf45bbddd7a6	TCGA-A7-A0CJ-01A	Primary Tumor
c1778b3c-5649-4e26-b937-fd00ffd58387	TCGA-A8-A097-01A	Primary Tumor
427a04c9-9b48-49de-8a47-2adc4e1dd32a	TCGA-D8-A27H-01A	Primary Tumor
b9a1e2f1-e5c4-4855-9720-4c168474dd26	TCGA-BH-A0DL-11A	Solid Tissue Normal
87b7171a-7340-4e1e-849b-c52351f23ab0	TCGA-A7-A4SE-01A	Primary Tumor
a04fdd52-6d4c-4dc6-b63d-fa67ecfe4744	TCGA-E2-A153-11A	Solid Tissue Normal
0c3ddae2-366f-4b21-ab46-a2cfe1963e42	TCGA-A2-A1G6-01A	Primary Tumor
de98339e-9b13-4def-b3d9-234fdc784cec	TCGA-AC-A23H-01A	Primary Tumor
17ff23ff-17b3-4ed1-b10c-2d922c045807	TCGA-BH-A1EX-01A	Primary Tumor
a39993c2-0b95-4df1-b501-b1a746633449	TCGA-GM-A2DM-01A	Primary Tumor
0427af63-b665-4c57-874b-65222c200bfe	TCGA-AQ-A04L-01B	Primary Tumor
c96ef17c-52c1-43d9-a7e5-730fd8f3641f	TCGA-A2-A0CY-01A	Primary Tumor
c84958db-e7a3-4cd5-9b5e-a5435a86021d	TCGA-BH-A1EO-01A	Primary Tumor
fd371070-c312-4eca-b3da-d41b1c8a86a7	TCGA-D8-A13Z-01A	Primary Tumor
4ad2cbb3-5bca-462b-af1f-8a292c317722	TCGA-GM-A2DH-01A	Primary Tumor
dbbacb2c-b675-4a35-a6ff-157865f24945	TCGA-BH-A18S-01A	Primary Tumor
0710056c-2f04-4182-90ca-45492dd6444c	TCGA-B6-A0I9-01A	Primary Tumor
1852f5d0-ce76-4f0d-87a7-0383f338c96b	TCGA-B6-A0I1-01A	Primary Tumor
4f464ced-080f-41f1-9a00-955db0d5fda6	TCGA-BH-A0B9-01A	Primary Tumor
8c6fa126-82a0-4290-a657-8466959585c4	TCGA-A2-A1FV-01A	Primary Tumor
10d1a1f0-c89b-4b1e-93fa-7c6fd7f5bb8f	TCGA-AN-A0XL-01A	Primary Tumor
b70b68a1-28c4-4ed3-a04c-b622e583f10b	TCGA-BH-A0DZ-11A	Solid Tissue Normal
9928c491-426a-4507-8ddd-999d6b892e29	TCGA-A7-A3J1-01A	Primary Tumor
3ecfecef-4180-4b7a-8d9a-5532b47ef500	TCGA-D8-A145-01A	Primary Tumor
1320db11-22a5-417f-8ec7-65c0bf4681a2	TCGA-BH-A0AY-11A	Solid Tissue Normal
e21262db-a694-4461-b1b0-e52c0891113a	TCGA-A2-A0CS-01A	Primary Tumor
fc0a2d23-31a3-4aab-bdd9-0abb51880043	TCGA-AN-A0AJ-01A	Primary Tumor
287a036d-5b2d-4faf-93a0-cf0be006fa6b	TCGA-BH-A0DV-01A	Primary Tumor
a6f9b537-d843-4181-9ba8-712c44986581	TCGA-D8-A1Y1-01A	Primary Tumor
d67b8114-b70f-4e69-bae5-4f2f982c4b1b	TCGA-LD-A66U-01A	Primary Tumor
150cf3db-44a8-4553-a648-66913d68adde	TCGA-AC-A3QQ-01B	Primary Tumor
f88ba6a1-27bf-43fa-a2c7-05db1eb9e8ea	TCGA-AR-A1AO-01A	Primary Tumor
7d496f9f-8a04-496a-ad25-68b1b72f864a	TCGA-D8-A1XK-01A	Primary Tumor
da8c5f1e-a4e3-46bd-adb3-ce758e654983	TCGA-AQ-A54O-01A	Primary Tumor
f24d6e88-634e-4d86-b993-76a40f1190d0	TCGA-BH-A0AU-11A	Solid Tissue Normal
467cc312-373e-4655-a07e-533ccb133b22	TCGA-E9-A1RD-01A	Primary Tumor
4376b78e-bfec-4142-8407-b967883d7b6b	TCGA-E9-A1RD-11A	Solid Tissue Normal
b3eb0ef4-66e8-48df-9acc-fd252dc2ac61	TCGA-E2-A573-01A	Primary Tumor
d14d5953-f379-4adb-9a1b-028f91b1a9e6	TCGA-A2-A4S3-01A	Primary Tumor
e4e099ea-7207-48b8-a578-d5e6d83054b0	TCGA-A8-A0A7-01A	Primary Tumor
5b318f75-dda6-4410-bfc0-2fd52030cae7	TCGA-E2-A14O-01A	Primary Tumor
3208ca18-f70a-415e-8d10-5e9cb8a24b52	TCGA-AC-A6IW-01A	Primary Tumor
3974a62d-d399-42f3-b550-336e793b0cfe	TCGA-A2-A3XZ-01A	Primary Tumor
247f1d7d-fc33-4f35-aca7-60aa1c9631ad	TCGA-E9-A1N5-11A	Solid Tissue Normal
c7019746-2fcf-4b4b-b7e5-025413e1014f	TCGA-A2-A0EU-01A	Primary Tumor
dcac8f3c-d282-4ac9-9194-b1461966c795	TCGA-EW-A1P0-01A	Primary Tumor
477f941f-1fb8-438f-802e-2e7fe6552fab	TCGA-E9-A295-01A	Primary Tumor
a572e59c-096f-4054-bbb4-90f2e2461d99	TCGA-S3-AA15-01A	Primary Tumor
800ca72f-4bd7-46d7-904b-bcda2fa3500c	TCGA-C8-A26W-01A	Primary Tumor
a930c017-565f-49ad-893a-37cc394c269d	TCGA-BH-A1FR-11B	Solid Tissue Normal
16786247-5ff5-47e0-83e2-fee15779e522	TCGA-A8-A079-01A	Primary Tumor
641c4e5d-4880-4f5e-9d1e-702cab91a6b4	TCGA-B6-A40C-01A	Primary Tumor
2ea0b718-c634-4692-9cf0-4f118adfafbd	TCGA-E9-A2JS-01A	Primary Tumor
f11c5295-697a-46f7-91fe-b760dc9f1029	TCGA-BH-A0BC-11A	Solid Tissue Normal
5aba8f7f-c815-45e9-bee0-4dda9bfac07f	TCGA-A2-A0CW-01A	Primary Tumor
577dde85-20c6-44c0-bf77-bda22a7f58c0	TCGA-A8-A09R-01A	Primary Tumor
a4589532-53e0-4025-b8d3-e11e79e1fc9c	TCGA-AN-A0FV-01A	Primary Tumor
6d17023b-03fd-4e66-9c7e-72395f09e87f	TCGA-AC-A3YJ-01A	Primary Tumor
39e5a93f-7474-44f8-974a-7ce44f909002	TCGA-C8-A26Z-01A	Primary Tumor
7e035247-3586-443f-a94c-0addbaf3b17f	TCGA-AR-A24R-01A	Primary Tumor
515f8866-8744-44d8-9e4b-0e734d0c201b	TCGA-LL-A7T0-01A	Primary Tumor
86d6bd3f-d1a8-4b12-bd4f-009cd707ad8b	TCGA-E9-A1R7-01A	Primary Tumor
ea7281b8-a53c-453a-93e9-69549c5f0fe8	TCGA-GM-A3NY-01A	Primary Tumor
5039a492-4dc7-4191-9edd-187cb181da2d	TCGA-D8-A1JB-01A	Primary Tumor
461fda5d-d6e6-4354-b035-c302cc43b03f	TCGA-E9-A226-01A	Primary Tumor
683e004b-7992-4250-a94b-c355c45725d2	TCGA-BH-A0DL-01A	Primary Tumor
934aa789-6d42-4b2d-8a74-7d482d79ed8b	TCGA-A7-A5ZX-01A	Primary Tumor
269215ae-9040-4ac6-9d3d-017c0cbb2811	TCGA-A2-A1G1-01A	Primary Tumor
5064b439-81da-4ef3-b2de-bbca8d3a07e7	TCGA-JL-A3YX-01A	Primary Tumor
ec2687cf-9496-4232-9a96-41b935d6ffb3	TCGA-OL-A66H-01A	Primary Tumor
19318058-604e-4c3b-a037-eab07708ff82	TCGA-D8-A3Z5-01A	Primary Tumor
0fc096b2-7fb5-4dc6-ae94-aa7dae6f885f	TCGA-OL-A5RZ-01A	Primary Tumor
27aab1a6-96af-4dc1-b9ce-4690ead0d355	TCGA-A8-A075-01A	Primary Tumor
c4ceaaf8-4803-45d7-9937-42d25db60148	TCGA-B6-A402-01A	Primary Tumor
a3e73f16-dc65-4c2e-9846-052b8fae144c	TCGA-BH-A1FM-01A	Primary Tumor
cbfb8ffe-ae83-4a16-aaa6-f21ea893cb8d	TCGA-BH-A1EO-11A	Solid Tissue Normal
5461f36b-c2a2-4a6a-8b17-444c143655fc	TCGA-BH-A0C3-01A	Primary Tumor
309dcac2-7efa-467c-9dc7-222c130b0fec	TCGA-E2-A15M-01A	Primary Tumor
6487c7e6-38ad-417c-8009-6c899fe74a64	TCGA-E2-A9RU-01A	Primary Tumor
a835cfe4-9359-4178-9c9a-44ecb4173e47	TCGA-EW-A1IW-01A	Primary Tumor
e4f80aa3-eace-4ab4-afff-69d952ed5442	TCGA-A2-A0EN-01A	Primary Tumor
ea01e210-0d45-4c23-8644-904771672188	TCGA-E2-A1L9-01A	Primary Tumor
6129ca9a-5466-4cf5-be19-a4e3134659cb	TCGA-E9-A229-01A	Primary Tumor
6084a2ac-a342-4378-b4ba-a2d7e6af9124	TCGA-D8-A1Y0-01A	Primary Tumor
7ae79f8e-a8fa-4030-b46a-458db80a36c1	TCGA-E2-A14T-01A	Primary Tumor
c28e4bbf-6ddc-42fd-9268-826edc17aee5	TCGA-E2-A1B6-01A	Primary Tumor
1dacccf9-58ae-490f-9f3f-31c82f93b3b8	TCGA-AN-A0FW-01A	Primary Tumor
cdd283b5-8dea-4736-859c-f1a2bbda57c2	TCGA-D8-A1X7-01A	Primary Tumor
cbbbb1af-8bf4-4bb6-9258-33bf416190e7	TCGA-AO-A0J7-01A	Primary Tumor
5728b421-9832-417b-8963-b7b17decc58e	TCGA-AR-A1AP-01A	Primary Tumor
3728cb73-4a8a-4392-8140-f027ad876cf2	TCGA-D8-A1X9-01A	Primary Tumor
ec7b77d4-41a2-4892-be79-23cb24f986d3	TCGA-D8-A1XQ-01A	Primary Tumor
e94299a9-67bc-4c30-963c-1476fbb7d5ff	TCGA-AN-A0G0-01A	Primary Tumor
1dd898ab-3b85-4932-b889-0eb0a494f2b6	TCGA-A2-A0CU-01A	Primary Tumor
121a48ed-798d-4102-bb8f-e736570e18d6	TCGA-A8-A0A1-01A	Primary Tumor
f6cb208f-cc43-4245-8392-dc5ada57bb9b	TCGA-A8-A08R-01A	Primary Tumor
6f3bd40b-98b5-431b-a0b3-c7767b479d7d	TCGA-EW-A1OX-01A	Primary Tumor
74b16304-eb3f-4311-9b2e-dbf5eac89b44	TCGA-E9-A228-01A	Primary Tumor
958813f4-8036-42f7-856d-7a69c4175adc	TCGA-E9-A1RH-11A	Solid Tissue Normal
0c279a15-1250-4923-bcde-96cc3fd32d42	TCGA-A8-A094-01A	Primary Tumor
bdee019c-38ae-4686-84fe-2454ba4c70dc	TCGA-AR-A254-01A	Primary Tumor
26702590-872f-4e36-a631-ee6cb3f61ec4	TCGA-D8-A27L-01A	Primary Tumor
4c57cb4f-b4dc-4cfa-9af5-1447422c5b95	TCGA-E9-A1N9-01A	Primary Tumor
2a73a18d-eca4-475b-9c37-283feb92915f	TCGA-A8-A08A-01A	Primary Tumor
76d94448-4fd0-4476-af15-3c845d70851d	TCGA-E9-A249-01A	Primary Tumor
77cdf045-d52d-4cc1-b2f1-e2b0d106af0f	TCGA-AQ-A1H3-01A	Primary Tumor
165fe176-2dea-489f-92d6-34b0c6848312	TCGA-BH-A0BA-11A	Solid Tissue Normal
3e0cc1e4-0882-4e9b-9373-34bcbce097d7	TCGA-AO-A125-01A	Primary Tumor
56081713-6249-4a3f-8498-277e688d1ec9	TCGA-BH-A1FR-01A	Primary Tumor
893122aa-117b-49a4-a81c-1229dde4d78a	TCGA-BH-A42U-01A	Primary Tumor
892928f7-8239-4d15-812b-046f9192d7de	TCGA-C8-A12O-01A	Primary Tumor
270356b5-f258-49b3-a850-16ea88ec6c76	TCGA-A7-A13H-01A	Primary Tumor
5e863e9f-1449-4a38-ac00-cfd7c21ba6e2	TCGA-AC-A3W5-01A	Primary Tumor
24c5fcbb-019c-4636-813b-0b9d4d1d9501	TCGA-A2-A0EM-01A	Primary Tumor
4b8ef410-8612-4c64-839f-47770deba446	TCGA-A7-A4SD-01A	Primary Tumor
7cf427fc-2c7c-434b-84c5-9ea118da110f	TCGA-BH-A1ET-01A	Primary Tumor
9d535d7d-0fff-4134-be8f-daa6d687a48c	TCGA-OL-A5DA-01A	Primary Tumor
82d46633-2eea-4b43-81b6-addab4f069b4	TCGA-AN-A0FK-01A	Primary Tumor
3841a099-bf19-4891-9b12-5db1d699e922	TCGA-AO-A126-01A	Primary Tumor
519039a7-141e-4367-a6eb-e9307136daf3	TCGA-BH-A0HB-01A	Primary Tumor
fcb1b40a-85c0-498c-881e-7161edcf39e6	TCGA-BH-A0DD-01A	Primary Tumor
235a9719-23a6-48b5-bbb1-248dbec23a35	TCGA-B6-A1KN-01A	Primary Tumor
b2fdef29-2c03-4aaf-bac8-2e1e5d07333b	TCGA-A7-A26H-01A	Primary Tumor
4bfe1281-919d-47ee-afc7-2b373b113674	TCGA-E2-A1IK-01A	Primary Tumor
e8d97ce6-190e-4189-a148-5a8d9f4215c3	TCGA-C8-A26Y-01A	Primary Tumor
fad07753-c9c6-4eba-8f43-09740bff6d69	TCGA-D8-A1JI-01A	Primary Tumor
0ca579b1-763e-4f6a-a071-c6514aaa2f11	TCGA-BH-A0GY-01A	Primary Tumor
e38111a3-54f9-4229-8803-fc74e0c12c55	TCGA-A1-A0SM-01A	Primary Tumor
0682b5b9-8529-4152-b6f9-1a13180eedee	TCGA-D8-A3Z6-01A	Primary Tumor
3173d46f-7344-41e4-bd4c-027fe5b5ec06	TCGA-BH-A0DE-01A	Primary Tumor
8256e097-4476-4906-a5c5-c9da288a363a	TCGA-B6-A0RP-01A	Primary Tumor
0a7dc8b9-4196-41d3-ada1-a50cb36bfd2b	TCGA-WT-AB44-01A	Primary Tumor
e58f3dde-82f6-4a5d-9909-8f5659a26915	TCGA-BH-A8G0-01A	Primary Tumor
6bd03014-d3b8-4cac-929b-af970321ae1f	TCGA-A2-A0T7-01A	Primary Tumor
bdf5a2b7-f9cb-4668-9687-1db0541bdfe4	TCGA-BH-A8FY-01A	Primary Tumor
82255740-abaa-47b3-9def-89b0673d1cfb	TCGA-AR-A0TQ-01A	Primary Tumor
50260fba-c435-480a-9bb8-f2839ba499a4	TCGA-A7-A13E-11A	Solid Tissue Normal
cd9fd232-1d69-4ef0-911d-28130243994f	TCGA-AO-A0JM-01A	Primary Tumor
4e261db3-6727-49bc-8a2e-77a7a30b4fa7	TCGA-AC-A3QP-01A	Primary Tumor
31180222-da6e-4106-9b49-09be93d68138	TCGA-C8-A273-01A	Primary Tumor
a39defa6-87ec-4855-ab78-44f6b46152e1	TCGA-D8-A1XF-01A	Primary Tumor
c2c7669c-0eea-48a8-add8-bd5ea3f9808f	TCGA-A8-A07P-01A	Primary Tumor
e94ef671-995d-452b-bcbe-993e5b437a68	TCGA-AO-A0JG-01A	Primary Tumor
416defdf-a4f7-4305-97ff-d3b3ebce672f	TCGA-AR-A251-01A	Primary Tumor
bf26a3fb-39a8-4eff-b801-a7dd915e73f5	TCGA-AO-A12G-01A	Primary Tumor
f35ae5c7-6e88-410d-b86f-c5bdae11a5f4	TCGA-C8-A275-01A	Primary Tumor
73aeda8d-ef07-4d3d-a0fc-643943dd046a	TCGA-BH-A0DH-01A	Primary Tumor
36a42825-dbc2-4dff-828c-e5008207d254	TCGA-BH-A0HI-01A	Primary Tumor
0094f9d0-45ec-4aad-bca0-71c60bdd7113	TCGA-E9-A1R3-01A	Primary Tumor
e2b3728b-9827-4a13-b52c-caabd58f902e	TCGA-B6-A401-01A	Primary Tumor
82fea6e8-7c6a-4575-bfcd-c164094538e6	TCGA-E9-A22D-01A	Primary Tumor
d1237195-a00b-4c52-86b3-4627c42eb14c	TCGA-A8-A07O-01A	Primary Tumor
dad6be14-a519-478d-9f53-122417453a0e	TCGA-MS-A51U-01A	Primary Tumor
21836f98-cc95-46d3-8f40-6c9625f940ba	TCGA-LL-A6FQ-01A	Primary Tumor
1d8697f1-4e89-4987-b26b-a29d791f19ca	TCGA-LL-A8F5-01A	Primary Tumor
3253f315-5ea3-44fc-899f-f9e8f5b6fa96	TCGA-LL-A50Y-01A	Primary Tumor
55f42211-4119-40a3-b5e4-329e913ef910	TCGA-A2-A0YK-01A	Primary Tumor
de397789-9ff5-4cb0-be88-957477820714	TCGA-OL-A66J-01A	Primary Tumor
c7db3ef0-0440-4fcf-a18b-c70b3f88e327	TCGA-A8-A092-01A	Primary Tumor
18340589-696e-4f56-80c2-dc7d7428c471	TCGA-HN-A2OB-01A	Primary Tumor
46933fec-1800-4da5-814c-30cce4ae2fb5	TCGA-AC-A5XU-01A	Primary Tumor
f7e414a0-c2ca-40c7-a7a0-282d80247fa0	TCGA-AR-A2LH-01A	Primary Tumor
4a2ad226-ed26-4f81-af7d-9d8b6db7cdd4	TCGA-OL-A6VO-01A	Primary Tumor
8c884351-1c8b-47ff-8bef-1a4f25f645fb	TCGA-BH-A0AU-01A	Primary Tumor
5d720a05-3673-45be-9163-08e0fc332f80	TCGA-AO-A0J3-01A	Primary Tumor
2377e521-919f-4f6f-b426-ddc993775597	TCGA-AR-A1AU-01A	Primary Tumor
131d96e3-0799-4956-a752-dc244a05c493	TCGA-GM-A4E0-01A	Primary Tumor
0d140db1-dc0d-431d-b389-846d05bbb827	TCGA-E9-A1RH-01A	Primary Tumor
8ebe0bf6-11fa-418d-918c-5c73f0e7e9ac	TCGA-BH-A1EV-11A	Solid Tissue Normal
e18e1661-70dd-4b36-ae6c-c0265fbe01bb	TCGA-C8-A12N-01A	Primary Tumor
318c3a49-64bc-4704-8739-d4cf31cef51f	TCGA-C8-A12U-01A	Primary Tumor
eb914a22-6e3f-4296-89d4-a960902fba2b	TCGA-AQ-A04J-01A	Primary Tumor
908283cf-b948-4474-906e-bd07195d0805	TCGA-AR-A2LQ-01A	Primary Tumor
2e7a0005-4efb-4121-91d9-c2ca2cb5201d	TCGA-E2-A10B-01A	Primary Tumor
51948358-b1bb-46d7-a25c-8d3fe81557f0	TCGA-C8-A12Z-01A	Primary Tumor
115d8b96-f3ac-4e6f-a975-60b71b32531a	TCGA-E2-A2P6-01A	Primary Tumor
1deadf31-dc7d-4361-8041-ab0a27edebb3	TCGA-BH-A0HY-01A	Primary Tumor
6d0f2c52-47f8-4032-8468-38dcc578ed6a	TCGA-S3-A6ZF-01A	Primary Tumor
ffeede9a-d9a9-4836-8c56-39f12a5fde0e	TCGA-A8-A086-01A	Primary Tumor
80563e43-422f-458b-a543-6b1dad9171e5	TCGA-AN-A041-01A	Primary Tumor
d2a12641-a25f-4aab-99a4-433cf664ae73	TCGA-A2-A0D0-01A	Primary Tumor
895b7107-2c08-4106-b119-6fbb597392da	TCGA-AQ-A04H-01B	Primary Tumor
4ef93d93-a6c6-4137-944c-6092e4ff7ae9	TCGA-A1-A0SF-01A	Primary Tumor
dcf2138e-b0f7-4b2e-b535-d463819f1b24	TCGA-A2-A4S1-01A	Primary Tumor
0ed77a2e-a2c9-4557-8ba3-2c8bade9b792	TCGA-A2-A04U-01A	Primary Tumor
8b885bee-44ab-40ce-bc3e-18ef36fa35ae	TCGA-EW-A1PA-01A	Primary Tumor
8603da6b-3bb9-4fff-b409-c5af2afd53b3	TCGA-A8-A08T-01A	Primary Tumor
38854c85-fc09-4a51-93a7-257762517583	TCGA-BH-A1ET-11B	Solid Tissue Normal
84e36620-ae1e-4221-84c9-3a6f1d11606d	TCGA-E2-A154-01A	Primary Tumor
295d363f-0366-4102-a35c-86e4a4fe7d84	TCGA-E9-A227-01A	Primary Tumor
a1a6d1dd-a1c6-4c5c-b54d-42de80680bc3	TCGA-5L-AAT0-01A	Primary Tumor
456bc30b-59f8-4427-b798-5b113ca635a0	TCGA-BH-A18J-11A	Solid Tissue Normal
561bb38a-f9b8-4a0a-b03b-fbe70859869a	TCGA-BH-A18J-01A	Primary Tumor
0f1bec43-6235-4390-a148-e7038126c0c8	TCGA-BH-A0E2-01A	Primary Tumor
7af23ba7-e5bf-41b9-b91f-5709321dadb7	TCGA-AR-A24U-01A	Primary Tumor
fae4edd8-db77-4937-94c4-3b16d39fb8c9	TCGA-GM-A2D9-01A	Primary Tumor
f377c267-d5eb-4542-bd0d-e87f957f3154	TCGA-D8-A1JE-01A	Primary Tumor
79f97f73-b650-49cf-8654-53038a6c0de7	TCGA-AO-A03L-01A	Primary Tumor
cf0ca663-a857-4aea-ab72-b0d4373b2456	TCGA-BH-A0DQ-11A	Solid Tissue Normal
c642f518-6ba5-4c90-9f0c-0bad0ed80199	TCGA-BH-A0DQ-01A	Primary Tumor
f9fe6c47-0955-432f-b402-a6dc2665e04d	TCGA-C8-A1HJ-01A	Primary Tumor
54dcd665-8138-4cab-8622-224d7066d466	TCGA-C8-A1HL-01A	Primary Tumor
466bf078-4844-457e-8f59-7b0ca28024d8	TCGA-BH-A5IZ-01A	Primary Tumor
22dad91c-889d-4d40-b9b8-c9facd752dc9	TCGA-A2-A3XU-01A	Primary Tumor
c6882939-729e-4360-b850-9f7a84df2d7e	TCGA-E9-A54X-01A	Primary Tumor
40ad8a2a-abd2-4701-b984-4afa4c27c260	TCGA-AN-A0XT-01A	Primary Tumor
28c03f8f-7f7a-4a53-a840-db0f4052ed26	TCGA-LL-A73Z-01A	Primary Tumor
9cac5296-0f61-46a2-bcbf-9bd3212fb7dd	TCGA-D8-A1JM-01A	Primary Tumor
f52fccc4-745f-4e5d-bff8-8d2009b6588d	TCGA-AN-A0AL-01A	Primary Tumor
2a09e101-9e01-45ec-9b02-d806f4cd7469	TCGA-AO-A0JB-01A	Primary Tumor
20e1a6f6-c34f-4744-9b2a-392ea074ebe2	TCGA-AC-A2B8-01A	Primary Tumor
b96a8979-77c1-41b5-a247-0342262d30f7	TCGA-B6-A0I8-01A	Primary Tumor
59bb8b6d-9827-4d5c-8714-cbc8ec3b8be5	TCGA-GM-A2DB-01A	Primary Tumor
4c75e72b-db9f-425b-9f14-946ee801071e	TCGA-A2-A0YC-01A	Primary Tumor
5fbe4a11-de4d-418e-9bc3-75b768d4a665	TCGA-AN-A0XU-01A	Primary Tumor
8ebe5f43-053c-4bfc-aefd-b9c22897b4ce	TCGA-JL-A3YW-01A	Primary Tumor
86b7ddd7-1c59-4937-99ec-b30fa9b4f0bd	TCGA-BH-A204-11A	Solid Tissue Normal
1f224847-d745-4dc5-9338-4044413e8ec4	TCGA-BH-A204-01A	Primary Tumor
4dd3d7e2-8a60-41e8-8812-a06f413afe2b	TCGA-AN-A0AT-01A	Primary Tumor
d898d021-e82b-42e6-b82e-28c187136674	TCGA-A2-A0T3-01A	Primary Tumor
584eef35-12c2-4aac-be09-175a9f9c5dfc	TCGA-AC-A62Y-01A	Primary Tumor
7806768a-e8c6-48b0-a241-c036c230e78b	TCGA-AO-A03U-01B	Primary Tumor
891873c8-bb26-4215-9281-a79be2651f11	TCGA-BH-A1EY-01A	Primary Tumor
7c89d4dc-cccb-4833-9731-be8affb76c89	TCGA-BH-A0W4-01A	Primary Tumor
3844ac53-a01f-41f1-a3f3-d9decf12d024	TCGA-AR-A5QN-01A	Primary Tumor
41e79241-b5a4-4541-848b-e20e693e8ee3	TCGA-E2-A1IU-01A	Primary Tumor
94468afc-faea-4091-af0f-d2df8aec37da	TCGA-A2-A04W-01A	Primary Tumor
ecbec59f-397d-493c-a5f6-0dd47aea96ae	TCGA-E2-A15E-06A	Metastatic
5030e484-7981-462f-b78d-9fdf1a8531c5	TCGA-A2-A0YD-01A	Primary Tumor
3071e512-94ea-4820-9573-668235188e34	TCGA-BH-A0B7-11A	Solid Tissue Normal
9c87ef50-5854-4f69-820b-9e0b4d46c982	TCGA-A7-A13F-01A	Primary Tumor
25c20f52-1031-4cd1-a9ed-4b2049b01a3e	TCGA-BH-A0HK-01A	Primary Tumor
75182885-7501-49b1-bb0d-8a88da1080a3	TCGA-BH-A0HK-11A	Solid Tissue Normal
e6cbdcab-7fd1-43a6-be43-68b6a0fb4fe9	TCGA-A2-A25D-01A	Primary Tumor
9415696a-44d9-477f-aba3-0a30ded48778	TCGA-BH-A201-01A	Primary Tumor
8644d07c-979f-4ec6-928a-afe9229fb9f1	TCGA-A8-A085-01A	Primary Tumor
61f32a8d-4649-4ea8-8374-00ab281464bf	TCGA-AR-A5QP-01A	Primary Tumor
f8e5691a-e24d-4dba-873e-9ffa3ca12bb6	TCGA-BH-A0W3-01A	Primary Tumor
d01e4cd5-3c52-4655-8b7c-ef6070d58090	TCGA-AR-A24V-01A	Primary Tumor
b3d19aa0-af01-4998-b234-81f313b7a6f0	TCGA-E9-A1NE-01A	Primary Tumor
e52108ad-c4ab-4ab4-8636-caaeaae7ea62	TCGA-AC-A8OQ-01A	Primary Tumor
ec67e25e-9cc6-45a7-a7c0-8dc778ae14c1	TCGA-AC-A23C-01A	Primary Tumor
09a491b5-1bfb-47d9-963f-69f6c7e6c1e5	TCGA-C8-A12P-01A	Primary Tumor
4b445a8f-b60b-44c3-b501-de93010172f7	TCGA-E9-A1N8-01A	Primary Tumor
debafec8-b9f4-45f3-aa4c-8e48e58e6a49	TCGA-AN-A0XV-01A	Primary Tumor
57044315-cc7f-4677-90fa-2e959740bd9c	TCGA-EW-A1OV-01A	Primary Tumor
8f1fa5b0-7b8b-41ae-9ba4-9bce8776e5a8	TCGA-A2-A1FX-01A	Primary Tumor
f7619693-b880-408e-8be5-f266f61a403e	TCGA-AR-A2LO-01A	Primary Tumor
1d0878a6-5c7c-40b9-8eab-64981d783b71	TCGA-D8-A27V-01A	Primary Tumor
b3b9ae66-e8d1-4a32-a2a9-46931b753527	TCGA-D8-A27M-01A	Primary Tumor
5dee4a6f-9cf4-4360-a37b-e7b94aa70dac	TCGA-A2-A0YF-01A	Primary Tumor
4af55932-ab7a-41e5-aa7f-fb16ab18c629	TCGA-BH-A0H6-01A	Primary Tumor
e4744b03-e390-43f2-a14b-86bddceaf9ae	TCGA-OL-A66L-01A	Primary Tumor
67eceef4-f870-47a0-82d8-b39aa3282bd3	TCGA-D8-A1JU-01A	Primary Tumor
ecf9996e-0cba-4394-9f5a-51fceab1ac56	TCGA-A8-A0AD-01A	Primary Tumor
9568dc22-f91c-44dd-95ec-370466ee64c3	TCGA-EW-A2FR-01A	Primary Tumor
e5f6e803-fc44-4f0f-9f6e-562b4e7d77ca	TCGA-PE-A5DD-01A	Primary Tumor
2e60bad2-2dd2-4dc3-aa45-dfc36ef4884b	TCGA-E2-A105-01A	Primary Tumor
7d5e390d-86f3-4988-9606-aeedabd31b52	TCGA-A2-A0T4-01A	Primary Tumor
404cea41-efa9-44c0-84a1-5dd603d7a2a4	TCGA-Z7-A8R6-01A	Primary Tumor
c4afcca9-94e4-4ecd-98d1-0aab86de8685	TCGA-A2-A0YL-01A	Primary Tumor
7c196890-04a5-496b-ae10-43b95be57d58	TCGA-D8-A73X-01A	Primary Tumor
50c7c034-fccb-4eb1-b8db-e0a5d9e50172	TCGA-A7-A13D-01A	Primary Tumor
870fb4d4-8366-4bfa-b4c1-04d55eded427	TCGA-AO-A0JA-01A	Primary Tumor
41a87746-ec8e-47e3-986c-d1a119e7c96b	TCGA-C8-A26V-01A	Primary Tumor
52151eca-7819-496e-bf31-4875b68d429d	TCGA-AC-A2FM-11B	Solid Tissue Normal
5422b305-6411-4a01-b371-dc74c9e351e4	TCGA-C8-A27A-01A	Primary Tumor
28b84c2b-6524-46ee-9d1e-24e7d6379af4	TCGA-EW-A1PE-01A	Primary Tumor
4af2ea24-60fe-4fc1-858b-68ed98855082	TCGA-LL-A5YM-01A	Primary Tumor
8ca36e25-aabc-4bd9-9ced-a8d432ca0260	TCGA-LL-A73Y-01A	Primary Tumor
8b000fae-e6de-4038-8486-45316cae622d	TCGA-E9-A1ND-11A	Solid Tissue Normal
7e915086-4926-4670-9f43-e35e2d04d6c5	TCGA-AC-A3OD-01A	Primary Tumor
8fb0660c-fb39-47f0-8450-1f7abff3b656	TCGA-A2-A0CM-01A	Primary Tumor
0b798fe4-1c51-4c36-afc8-5bee39fd6077	TCGA-E9-A1R0-01A	Primary Tumor
a8898537-0afa-4655-b123-78c11b90c53a	TCGA-A7-A0DB-01A	Primary Tumor
7235fd65-e9cb-45f1-ac78-cad80823325e	TCGA-AR-A1AR-01A	Primary Tumor
04a7cce8-c3b3-4994-9dac-c0e53099f37d	TCGA-AR-A0TR-01A	Primary Tumor
0022cd20-f64f-4773-b9ff-a3de0b71b259	TCGA-AN-A0FN-01A	Primary Tumor
6b62d6dd-bb6f-4f39-9041-992c47b875f3	TCGA-B6-A0RH-01A	Primary Tumor
b0fc63c9-c4aa-4206-8636-47245f510cff	TCGA-BH-A0AW-01A	Primary Tumor
00b13ccf-ad7c-4613-8366-7c583a399691	TCGA-BH-A18M-01A	Primary Tumor
5fbbee45-08b5-4cd0-83c6-c18bc4e89d99	TCGA-BH-A0C1-01B	Primary Tumor
b9eb33d4-1017-42cf-b72c-f917de5425e7	TCGA-E9-A1RF-11A	Solid Tissue Normal
cde8361d-ade2-4103-b092-3ee9cbf85ea1	TCGA-C8-A3M8-01A	Primary Tumor
41a97024-43f7-41b8-8755-94cd29105a5f	TCGA-OL-A5D7-01A	Primary Tumor
b93b04d3-7526-4d65-bc15-0148e75ac225	TCGA-D8-A27P-01A	Primary Tumor
7b188e2a-4a56-49f9-b527-cd61a646f6c7	TCGA-BH-A0EE-01A	Primary Tumor
5fcd0660-3e77-4a56-af19-01045301708c	TCGA-B6-A0RQ-01A	Primary Tumor
9f06e9cd-8184-4b66-a2e0-96da9a7159e8	TCGA-A7-A6VY-01A	Primary Tumor
104e3cb5-c6df-422b-a55f-6b19408594d4	TCGA-E2-A1L7-01A	Primary Tumor
e855de31-6adc-423f-9295-3064f2449f35	TCGA-GM-A2DO-01A	Primary Tumor
e267a6fb-3d15-4658-b464-25438bd41330	TCGA-BH-A28O-01A	Primary Tumor
885098b3-2e01-4039-ad15-f3dda5c29dc6	TCGA-C8-A274-01A	Primary Tumor
5c57b96c-909e-468e-bef6-f0375a788fcb	TCGA-AR-A2LL-01A	Primary Tumor
76267112-851f-4f5b-af40-f3c90af1b2ce	TCGA-AN-A0XW-01A	Primary Tumor
84225715-14a6-423c-a6d6-15558e151f56	TCGA-3C-AAAU-01A	Primary Tumor
98dc2008-d132-4a88-b428-45b0f715b296	TCGA-LL-A9Q3-01A	Primary Tumor
192d2e5c-31a1-45aa-8bb5-b33e4f873077	TCGA-A8-A06P-01A	Primary Tumor
3aad7b0b-9f82-41d0-b3e5-5614afcac6a8	TCGA-BH-A0HA-11A	Solid Tissue Normal
fa48dda4-5b65-44fa-b0c3-b02d53d928c5	TCGA-AQ-A7U7-01A	Primary Tumor
425a82ae-e0bf-48ae-946f-58ccc2571bfd	TCGA-E2-A1IO-01A	Primary Tumor
fed0a382-2eee-4acc-af00-53a9fdcd2a61	TCGA-D8-A1XL-01A	Primary Tumor
9c00a43c-1da0-4e3b-b7e2-54a48d29ecae	TCGA-A1-A0SN-01A	Primary Tumor
89e67cfd-7728-4a0e-bfa5-4c55ae957ef8	TCGA-AR-A2LE-01A	Primary Tumor
45702d4f-2d23-4e37-88ad-565e44a18fa2	TCGA-B6-A0RM-01A	Primary Tumor
046fe29e-7c99-4093-8565-f2f205a00796	TCGA-BH-A0BM-11A	Solid Tissue Normal
010e405c-b91d-4046-898e-105d5830d9a9	TCGA-E2-A15T-01A	Primary Tumor
842b0c9e-a03d-4074-b0fe-be8d0e056c7d	TCGA-GM-A2DF-01A	Primary Tumor
2e9902c2-e171-465e-ae13-45c413f7515f	TCGA-A1-A0SH-01A	Primary Tumor
3d075fc4-5a01-47ce-bef0-a77acf71061d	TCGA-BH-A0BZ-01A	Primary Tumor
573241d2-e298-426a-84a0-2c3889bae923	TCGA-BH-A0BZ-11A	Solid Tissue Normal
7efb7266-28ee-41d3-912a-b0f67135216f	TCGA-E2-A14V-01A	Primary Tumor
c00ad8a9-ed1d-4289-aa62-3e64cb574205	TCGA-AN-A0FF-01A	Primary Tumor
6b9180f4-bdd0-4118-bff7-0523cad45567	TCGA-D8-A1XD-01A	Primary Tumor
a8a6308d-04e4-47e9-adb6-c895b605ad69	TCGA-E9-A1QZ-01A	Primary Tumor
128bf144-f452-48af-941d-f6069e3bb0bb	TCGA-AR-A1AS-01A	Primary Tumor
588a95c5-286a-417f-aa76-b4d8b5c055ef	TCGA-D8-A27W-01A	Primary Tumor
9b47ed32-440b-4e50-93f9-5aeb56f03397	TCGA-AR-A24K-01A	Primary Tumor
406cb497-badd-4bbe-be62-e1dac7b49180	TCGA-LD-A9QF-01A	Primary Tumor
519b92e0-0dbc-471c-988f-48ce9dc95be3	TCGA-A8-A08S-01A	Primary Tumor
2aa3a845-cce2-4fe2-92f7-1fece9e619d5	TCGA-BH-A209-01A	Primary Tumor
a8ab2eb8-9da3-494f-b740-dc3f4185acb2	TCGA-A8-A09C-01A	Primary Tumor
b9d564b4-4561-44b2-b020-baf106f23baa	TCGA-AO-A1KS-01A	Primary Tumor
76367cee-b571-49e5-8121-9e69f906c230	TCGA-A1-A0SG-01A	Primary Tumor
92431faf-af89-4f25-be07-61ac770b9633	TCGA-E9-A1R5-01A	Primary Tumor
b5994562-8eab-43a5-9846-cd3916a9260f	TCGA-AO-A12H-01A	Primary Tumor
96e54b36-0b71-4ad0-9b21-72668708fc62	TCGA-E9-A1N6-11A	Solid Tissue Normal
56209bc1-f94b-4aa4-a9dd-757003f36fd2	TCGA-B6-A0WY-01A	Primary Tumor
2a898b49-54b6-4cb6-8af4-fb69d0818562	TCGA-E2-A15I-11A	Solid Tissue Normal
a3039f53-9e11-4b53-b65e-ea5e14914ef0	TCGA-A2-A0SY-01A	Primary Tumor
2ce2b916-b768-424c-a57b-96ab4a77276e	TCGA-A2-A0CV-01A	Primary Tumor
b2f5c7b1-96c1-4928-83e9-4f67ace3158e	TCGA-A2-A04Q-01A	Primary Tumor
152c8e57-1f2f-464c-ad13-de0f4d81dbff	TCGA-AO-A12C-01A	Primary Tumor
df176b72-7266-4eeb-a3ed-8f09199c1963	TCGA-A8-A08G-01A	Primary Tumor
1873c44d-4dcb-41d3-8c3c-dec38f7ac3d1	TCGA-OL-A97C-01A	Primary Tumor
0caa1750-ec80-484f-9097-1e90fbfa41c2	TCGA-E2-A1B0-01A	Primary Tumor
542856ab-164d-4edd-833a-925da96d1eeb	TCGA-BH-A18N-11A	Solid Tissue Normal
92fc6274-1d0f-4e1c-a124-9e5135753d99	TCGA-A2-A0ER-01A	Primary Tumor
4cafa8be-69f1-4c1a-87fb-c71df6de6a74	TCGA-AO-A12A-01A	Primary Tumor
e37e5793-921d-4930-8f22-ddcd5f881fe6	TCGA-A7-A0CG-01A	Primary Tumor
bc23716d-70e8-486e-b512-8c45654d5d83	TCGA-BH-A0E6-01A	Primary Tumor
b6bbcd01-c1a3-42b8-afe7-c17b987903b0	TCGA-E9-A24A-01A	Primary Tumor
0ba26ef1-7b7d-48c8-a593-75504769791c	TCGA-LL-A441-01A	Primary Tumor
f8b403a1-37cf-4acb-b5d7-b3437fafa7f8	TCGA-BH-A1EW-01A	Primary Tumor
307261f2-f88f-4658-b6d1-98ef946148e2	TCGA-4H-AAAK-01A	Primary Tumor
7dace9fc-28bd-44fb-9e97-6319eb30bb05	TCGA-D8-A1XS-01A	Primary Tumor
7acdca8d-6231-4077-b7ac-eec857c43092	TCGA-AR-A2LR-01A	Primary Tumor
db921dd3-3d39-4b42-b2ff-dbe0f6c9f093	TCGA-GI-A2C8-01A	Primary Tumor
c6ec90b5-d323-4a55-b48a-c3acf38557ba	TCGA-B6-A1KC-01B	Primary Tumor
9dcf3c95-cc67-4a83-a2c8-12cbce82b9c4	TCGA-A8-A09K-01A	Primary Tumor
ff570f9a-a252-496d-a452-344063851a7b	TCGA-AC-A2QH-01A	Primary Tumor
59ce4079-0da6-4339-8861-ad376b150f75	TCGA-A8-A09I-01A	Primary Tumor
61647238-a8c4-4156-af15-c32947983cfd	TCGA-A8-A07I-01A	Primary Tumor
b54476c3-f6f1-4474-b447-72023ba97687	TCGA-AO-A0J5-01A	Primary Tumor
98ca3aa5-f509-4e55-a184-12e44c8c8464	TCGA-C8-A1HO-01A	Primary Tumor
f2842246-b121-48f0-a8c5-474a8fb47036	TCGA-B6-A0IK-01A	Primary Tumor
097a38f3-a6c5-4267-8648-cd04e2bd9984	TCGA-E9-A247-01A	Primary Tumor
5c33730b-be75-452a-ad2f-02eb726d4eae	TCGA-EW-A2FW-01A	Primary Tumor
ddeb1445-08ae-441c-9f2a-4647df1b4ed6	TCGA-D8-A1XU-01A	Primary Tumor
4a5803a6-942a-4992-8b9d-29e1091b10f6	TCGA-EW-A6SD-01A	Primary Tumor
3d0b3b80-92ae-44dc-89fc-2ead925b81a2	TCGA-AC-A8OP-01A	Primary Tumor
a1516cec-76ec-4a05-97a0-a56ef8490e60	TCGA-A8-A06Q-01A	Primary Tumor
6ce774a5-2636-4a01-ab6e-737f89a4bd4f	TCGA-D8-A1JP-01A	Primary Tumor
9a1c9a5a-7b3f-463b-bc9c-e06107b2aeb7	TCGA-AN-A0FD-01A	Primary Tumor
fed5e108-cb1a-45b8-88e8-c5ea6a6bd61a	TCGA-AR-A252-01A	Primary Tumor
d393af6b-de4b-4ca6-bc06-a29068dfe086	TCGA-B6-A0X5-01A	Primary Tumor
e45b755d-1df6-446a-aa05-59ae1960b442	TCGA-A8-A09T-01A	Primary Tumor
ad1ea8c5-ca8b-49e9-a650-6012d71daf24	TCGA-AR-A0TS-01A	Primary Tumor
263123b0-ec68-47cd-96dd-4f0795503d89	TCGA-B6-A0IP-01A	Primary Tumor
ccc7b8e5-7ea4-4efc-81c1-ef6c15acd241	TCGA-AO-A03O-01A	Primary Tumor
ccaa907b-71d5-467e-ace4-f2ea16109202	TCGA-AC-A2FF-11A	Solid Tissue Normal
f9432d83-a322-4f5b-9c45-7dad736005a4	TCGA-E9-A22A-01A	Primary Tumor
111b2865-e7dc-45c9-b206-20b5713714bc	TCGA-A8-A08B-01A	Primary Tumor
9314aa86-3d8d-4709-a6e1-0aa22b21d6b5	TCGA-E9-A6HE-01A	Primary Tumor
22fdb34e-9f50-4382-9800-e6e35773c538	TCGA-A2-A25B-01A	Primary Tumor
eff9c23b-fc85-403c-8e88-86b4def8ced1	TCGA-AC-A4ZE-01A	Primary Tumor
a25f8ce5-b3f3-4d2d-b862-b703650066fb	TCGA-A2-A0CR-01A	Primary Tumor
4f4862e1-abfc-4577-bdb2-a96759ef2b53	TCGA-D8-A1JG-01B	Primary Tumor
c003fb3b-179c-49b0-8d9a-656c4dc39901	TCGA-E2-A15L-01A	Primary Tumor
1aa289bb-8ac9-4e9e-be61-3164afbe06a2	TCGA-A7-A6VV-01A	Primary Tumor
e86f9f1b-4e5c-4743-8158-14ec2e83b6f1	TCGA-B6-A0IA-01A	Primary Tumor
a2cb26d9-70e7-47ca-b019-a5fa136b42f7	TCGA-AN-A0FL-01A	Primary Tumor
73edea85-f978-4c99-b9c3-fda3ffc6a065	TCGA-C8-A12Y-01A	Primary Tumor
d5586fdb-d796-4176-84e3-11a72124b41f	TCGA-D8-A1Y2-01A	Primary Tumor
4c60d168-b545-46a8-8c37-81972a537a83	TCGA-C8-A1HN-01A	Primary Tumor
0e62a6d0-87a7-4efc-922f-753328694458	TCGA-E2-A1B1-01A	Primary Tumor
5db109b6-dbfe-4ec8-8697-bb7fff5beb4b	TCGA-A8-A08J-01A	Primary Tumor
50721c97-1a23-405b-b7b3-2955e4c62e5a	TCGA-E9-A1NF-11A	Solid Tissue Normal
7dcadaff-5d95-4ba6-9ce7-50bb2e5f17aa	TCGA-C8-A138-01A	Primary Tumor
b5fc7f21-688b-4764-b0ce-c450ad902e06	TCGA-GM-A5PV-01A	Primary Tumor
0a688b9b-06ea-4b83-bfce-9cee0d866a0c	TCGA-C8-A12M-01A	Primary Tumor
f2a4b38d-bfc0-4363-9a58-b5fa2af26ff3	TCGA-B6-A0WX-01A	Primary Tumor
9218f3a6-1ae1-4898-8be4-2335a204aae7	TCGA-BH-A0W7-01A	Primary Tumor
a436c52a-e63f-4d61-bc60-eb497c196489	TCGA-BH-A0HN-01A	Primary Tumor
c3f4adee-86da-42fa-b37a-d48d66f89e09	TCGA-A2-A0EQ-01A	Primary Tumor
c95841fa-ea90-4a12-99aa-5c342af9e0e8	TCGA-BH-A209-11A	Solid Tissue Normal
bb761704-bced-4fd6-9a90-187595b1d005	TCGA-AC-A2FK-01A	Primary Tumor
aa4bc249-100e-4cf6-8356-1dc96b7dbea9	TCGA-BH-A0B5-01A	Primary Tumor
a17d51b5-c397-4591-a227-dc0425948420	TCGA-GM-A2DK-01A	Primary Tumor
ae2e0936-a225-491b-8361-3c20663768d9	TCGA-C8-A131-01A	Primary Tumor
1cb0d51d-def6-40ec-9c5f-4a98315b0382	TCGA-A8-A06N-01A	Primary Tumor
ece7c643-e0b9-4b65-b6f5-89c414c1bfea	TCGA-D8-A1X6-01A	Primary Tumor
ed76d903-de08-4060-ab15-b4add3c551f0	TCGA-AN-A046-01A	Primary Tumor
71175258-a00a-4035-8f33-eb48bf04066f	TCGA-E9-A5UO-01A	Primary Tumor
02a0b95f-ea0f-4c0d-ba2d-9724ed9ad712	TCGA-EW-A1IX-01A	Primary Tumor
8a7fe670-bcef-4fcb-9759-9892ff5f4f61	TCGA-BH-A0BL-01A	Primary Tumor
6a40f728-eee2-4777-a8e0-67fd6f9f7927	TCGA-AN-A0XP-01A	Primary Tumor
81f86e31-55db-4483-b6e0-55451ffbd1db	TCGA-AO-A03M-01B	Primary Tumor
8e475a5c-0a90-4c31-a472-b1ae0946633d	TCGA-AR-A1AL-01A	Primary Tumor
e2a43c17-8973-49bc-a1f3-30afa26ef5f1	TCGA-B6-A0IC-01A	Primary Tumor
70c9af7f-8a58-434f-8f45-098ef0450319	TCGA-BH-A1ES-01A	Primary Tumor
1936f1a9-66bc-4e48-8189-f0e3a67a5593	TCGA-BH-A0DT-01A	Primary Tumor
da333184-1ddd-4cd7-9c0d-e4526a03a1c9	TCGA-A8-A0A9-01A	Primary Tumor
9684fb22-becb-44dc-8d84-4c8540507c8c	TCGA-C8-A12X-01A	Primary Tumor
bd86e2d9-6098-4f78-9e9b-f2f95367c739	TCGA-AC-A2BK-01A	Primary Tumor
2a3dc057-3c00-405e-a18f-23e8c43494d4	TCGA-E2-A15A-01A	Primary Tumor
0648c6fc-df6d-450a-a5a0-e5655febbdf1	TCGA-E2-A14N-01A	Primary Tumor
ee447251-5c90-426f-a0c7-bd2041189761	TCGA-Z7-A8R5-01A	Primary Tumor
64bfe46f-8152-4c70-b69d-ea412a4dfcff	TCGA-A2-A0D2-01A	Primary Tumor
5997bdf5-2741-42c5-a01c-807864504c55	TCGA-C8-A8HQ-01A	Primary Tumor
bab81011-81b1-4fa4-bda1-fddec99245f5	TCGA-A2-A4S2-01A	Primary Tumor
a853d2bb-b696-493a-9451-59dcedde5f20	TCGA-AC-A3TM-01A	Primary Tumor
236805b9-ea89-43b4-ba51-c09276778e90	TCGA-LL-A5YP-01A	Primary Tumor
4c9005a5-2cca-4cc3-9a6d-09eb76d780ab	TCGA-D8-A1JA-01A	Primary Tumor
6d505305-dc5f-4dc7-8721-817f444ff7ee	TCGA-AN-A04C-01A	Primary Tumor
e5393dc3-65d0-4d65-bb75-2fed770af595	TCGA-D8-A27E-01A	Primary Tumor
23ac8b84-f000-45ea-ad35-a46323d3670a	TCGA-A7-A26J-01A	Primary Tumor
0019c951-16c5-48d0-85c8-58d96b12d330	TCGA-D8-A1XO-01A	Primary Tumor
0972f396-9045-4faa-98f8-e8c3e02f9901	TCGA-BH-A1F2-11A	Solid Tissue Normal
2e753306-2df6-4666-b1ce-06992d109d02	TCGA-A1-A0SO-01A	Primary Tumor
ae7a394e-b030-46d3-8cf2-c378c0afdc81	TCGA-C8-A12W-01A	Primary Tumor
e914127b-20a0-4ef1-a614-06b697da648c	TCGA-AC-A2FB-11A	Solid Tissue Normal
2b519fff-dd2a-458e-ac2b-573167aeb7f2	TCGA-A7-A26E-01A	Primary Tumor
87af5cf5-08e6-443b-a23b-6221f7433a65	TCGA-C8-A12K-01A	Primary Tumor
f0107961-a5e1-46ec-b232-a47f0049bc5f	TCGA-AR-A24O-01A	Primary Tumor
2d5b0962-b5c4-4482-9f28-47e4dcdb6df6	TCGA-5L-AAT1-01A	Primary Tumor
45584684-6082-422f-abe5-ef918f8ee77a	TCGA-A8-A06T-01A	Primary Tumor
068841a8-af6a-4925-bad0-586005f59521	TCGA-A8-A06U-01A	Primary Tumor
7286a685-17ef-4ef5-9b7b-2696c6e7e1a6	TCGA-PL-A8LV-01A	Primary Tumor
4bb6eb79-4256-4b19-b158-883da969a582	TCGA-AR-A0U0-01A	Primary Tumor
67d73608-5dfb-41c1-85d3-52f1eba7daa2	TCGA-AO-A1KQ-01A	Primary Tumor
58037e4a-a82f-42a9-84a1-715966343bd4	TCGA-E9-A1R2-01A	Primary Tumor
836f61df-2b3d-4e1f-abcc-37734091b746	TCGA-BH-A18L-01A	Primary Tumor
54a6b5bc-f788-4bea-b92c-e4dc9c71d99e	TCGA-E2-A1IG-01A	Primary Tumor
0877bc64-fbf4-427f-a889-21a4a9102600	TCGA-D8-A1XV-01A	Primary Tumor
0437af11-bb89-4901-9764-bb410c2e94c5	TCGA-BH-A1FD-01A	Primary Tumor
b8c05229-16e4-4888-9f44-556c5570a4af	TCGA-AR-A2LM-01A	Primary Tumor
e3a49d98-c7d6-45a1-a8cb-33bab31186c2	TCGA-D8-A27R-01A	Primary Tumor
bbe70939-24be-4397-a125-510cad51337c	TCGA-A8-A07S-01A	Primary Tumor
da2cff7a-9b9d-4ae8-aa49-d717a77906e1	TCGA-A2-A0CO-01A	Primary Tumor
0e56b380-a3d6-4e81-8299-9f8a62330d7b	TCGA-BH-A0DI-01A	Primary Tumor
17b87e41-8f42-48d8-90f8-d2c9b8553481	TCGA-BH-A0BS-01A	Primary Tumor
a6f96d96-c761-4e98-9120-25138aa43e67	TCGA-E2-A15R-01A	Primary Tumor
65582670-1c71-4606-91b5-a886144fdfa6	TCGA-E9-A1NA-11A	Solid Tissue Normal
ea4c3031-5f48-4048-90ff-a525271cfebc	TCGA-BH-A0W5-01A	Primary Tumor
e3e859ed-2cc7-4842-a9dd-72938cd2170c	TCGA-AR-A24T-01A	Primary Tumor
0e0df72c-33c0-4e4f-939c-a4d45a6e1ea3	TCGA-A1-A0SB-01A	Primary Tumor
cd002ab8-a52b-4d20-9089-11b3e1dbaeb7	TCGA-E2-A572-01A	Primary Tumor
e64c5a32-13c4-495e-ab4c-b5000332c09d	TCGA-OL-A66K-01A	Primary Tumor
d52eff00-a7b7-42f0-82fe-ec4c054b1dd9	TCGA-A8-A0A2-01A	Primary Tumor
71ce6854-2231-48ad-ba1b-54bb4ec7d713	TCGA-C8-A12V-01A	Primary Tumor
dc8b305a-6f43-410e-9ce6-96ac24827550	TCGA-A8-A095-01A	Primary Tumor
eedfb6fb-3db6-4eae-8c6c-8b6722ae72b6	TCGA-BH-A1EN-01A	Primary Tumor
1ab2be1b-4a61-480e-aa1b-eafab958f1f7	TCGA-BH-A0BW-01A	Primary Tumor
e59d6b6e-1a01-4f3f-b298-06f2c6c7b111	TCGA-A2-A3XW-01A	Primary Tumor
7ff8696e-3809-4b96-9259-be654631d952	TCGA-B6-A0WT-01A	Primary Tumor
d9b6b523-00de-4638-a3f3-8de841fb7183	TCGA-BH-A1FB-01A	Primary Tumor
62c0cac5-05eb-46ea-b165-a2e9e342a259	TCGA-EW-A1PC-01B	Primary Tumor
3ce988e2-61c5-4f53-b9c8-cfc280649c1f	TCGA-BH-A1F8-01A	Primary Tumor
80902247-a485-4374-836b-4b67db4c4981	TCGA-D8-A1Y3-01A	Primary Tumor
12c6b269-434e-4a18-aa93-844bc9c5eb4d	TCGA-BH-A0HL-01A	Primary Tumor
dbe79158-b616-4c7b-94d7-5f127b3013ff	TCGA-A8-A08P-01A	Primary Tumor
71ea0cc0-d979-4efd-a670-1e8e8a329aca	TCGA-EW-A1J2-01A	Primary Tumor
f78dec09-cb25-49c1-828c-6a88cf2be7d3	TCGA-BH-A0B2-01A	Primary Tumor
ad4b2d76-b4bb-457d-903f-823630a4d37b	TCGA-BH-A0H9-01A	Primary Tumor
68881256-49b8-4a19-87a9-afac4f1841d2	TCGA-BH-A0BQ-11A	Solid Tissue Normal
c71bfebf-e152-4706-bd72-07103f936a85	TCGA-B6-A0IH-01A	Primary Tumor
67317cce-4a8c-4313-bb26-4ef7759071b9	TCGA-EW-A1PH-01A	Primary Tumor
00469928-b243-4cae-acd7-134508e99ceb	TCGA-AC-A62X-01A	Primary Tumor
e24e6f7c-49c1-498e-b269-4bee014007af	TCGA-A8-A083-01A	Primary Tumor
845def46-3502-40a8-aff1-8d021906cee5	TCGA-EW-A424-01A	Primary Tumor
064215bd-9ec9-4a16-8ea2-9c6604156398	TCGA-E2-A15S-01A	Primary Tumor
6df72103-ccfb-4a53-b839-2e8c47ec2145	TCGA-B6-A0RO-01A	Primary Tumor
b3b6d3bf-426f-4720-9adb-98783faa0eff	TCGA-A7-A4SF-01A	Primary Tumor
0c0ddcd7-8b4c-4489-b642-e48c4ab4602a	TCGA-D8-A27I-01A	Primary Tumor
cf53cdad-a323-475e-a84a-87b68d13e262	TCGA-E2-A15I-01A	Primary Tumor
ff1f2f31-8607-4627-b487-c5e39e7c30f5	TCGA-BH-A18G-01A	Primary Tumor
62a4b965-7aaa-4bd4-b469-57a713b2e9fd	TCGA-BH-A0DT-11A	Solid Tissue Normal
75d5bcb2-3055-4b6a-822c-1aa37a9f1337	TCGA-A2-A0EV-01A	Primary Tumor
1f5bbb4e-9b0e-4953-a360-83fd7b6a2267	TCGA-AR-A0U4-01A	Primary Tumor
3690d431-165d-40bb-af61-cfda445b3be8	TCGA-BH-A18I-01A	Primary Tumor
23bf74db-bb4e-44c5-8473-e651b818e460	TCGA-A7-A0CE-11A	Solid Tissue Normal
9bb406c8-2b8e-410e-8bca-02a778312056	TCGA-B6-A0RU-01A	Primary Tumor
b1ad91fb-fb78-4896-83cd-dad028a1d297	TCGA-A7-A26J-01B	Primary Tumor
d2b6c967-b505-4f52-a4f7-91b6e8acbd1f	TCGA-A7-A13G-01B	Primary Tumor
94db1456-e7f2-4f5f-92e3-b8faa801097d	TCGA-A7-A3IY-01A	Primary Tumor
3eadce70-ba3d-4806-b112-6ac83bc89dc4	TCGA-BH-A0C0-01A	Primary Tumor
15f0e499-8d53-4e97-a392-334875d25cf4	TCGA-BH-A0C0-11A	Solid Tissue Normal
c8b0b391-320c-4fea-9b68-3070103cb148	TCGA-A2-A4RW-01A	Primary Tumor
be002264-f534-49b3-90d1-fd5a3f622fb2	TCGA-D8-A143-01A	Primary Tumor
2700aca8-b120-4655-87ab-a9f8f7f633db	TCGA-A7-A4SB-01A	Primary Tumor
fe7dfda5-6846-4238-9ccc-472978eb78a1	TCGA-A2-A0YM-01A	Primary Tumor
f3d5f550-311d-4c59-8576-81fde80db315	TCGA-E2-A1LE-01A	Primary Tumor
f63a40ad-26af-48d6-bb36-91fd91d32e6b	TCGA-E2-A1IG-11A	Solid Tissue Normal
5c0579f7-6184-4afa-805c-7aeec4a4c5d2	TCGA-AO-A03N-01B	Primary Tumor
b0cc3c29-89fe-4010-8f56-137f2b897bce	TCGA-E2-A1LI-01A	Primary Tumor
df416c2a-523d-4409-98ac-b0900584a065	TCGA-BH-A1FD-11B	Solid Tissue Normal
987603ab-513b-44d6-8b8e-344fd299a81a	TCGA-D8-A1XR-01A	Primary Tumor
07478a1d-adbe-4fa7-858b-0edb74171eec	TCGA-OL-A5RY-01A	Primary Tumor
268eed55-913e-470b-8940-68daae0b21aa	TCGA-D8-A1JJ-01A	Primary Tumor
736fca14-66fb-481a-985e-7253f75243a8	TCGA-BH-A0BS-11A	Solid Tissue Normal
08671bd5-f67a-46fa-979d-4aa40fb6575a	TCGA-E9-A1NA-01A	Primary Tumor
80d565a0-59f6-409e-8850-5d4e2b5b996d	TCGA-B6-A1KI-01A	Primary Tumor
9b5b1b38-58b8-47c9-badf-086676e44c1a	TCGA-S3-AA11-01A	Primary Tumor
760131f1-5fbf-469f-9629-43733014953d	TCGA-BH-A0EI-01A	Primary Tumor
931442ba-af81-4b68-beca-7285fc44b1df	TCGA-3C-AALJ-01A	Primary Tumor
c38adc46-f0f2-4c71-91b6-da2159dcb190	TCGA-AR-A0TW-01A	Primary Tumor
5645320f-820e-45b7-b4cf-ea05085f53e3	TCGA-AR-A24M-01A	Primary Tumor
a63cca36-139d-4054-9d99-9b04ddae7ec2	TCGA-AO-A124-01A	Primary Tumor
64f43094-8e51-440d-b142-2b1eeba34e9f	TCGA-BH-A1FE-06A	Metastatic
08b0fe4c-ee3c-4510-b75a-6d240cb038cc	TCGA-B6-A0RT-01A	Primary Tumor
66dbe196-661b-4d0e-ac48-b82fc6a67cc8	TCGA-D8-A27G-01A	Primary Tumor
e4f49b9c-faed-4f15-a79c-79664e2c03b6	TCGA-BH-A1FB-11A	Solid Tissue Normal
5428e771-3ea8-46d1-842e-50a270d26bd3	TCGA-E9-A5UP-01A	Primary Tumor
6fe2f370-6592-4d85-992c-1b5449a62dbe	TCGA-A7-A26F-01B	Primary Tumor
481c702a-58ee-4fab-9559-434a45615aa5	TCGA-E9-A1NF-01A	Primary Tumor
c9ff3787-de6e-4535-be34-6425ccf9079f	TCGA-E2-A1IN-01A	Primary Tumor
1f9a9190-4157-457e-9794-a9217d2aa2f8	TCGA-E2-A14S-01A	Primary Tumor
92dd3ded-2b51-4d1d-8c8a-09ed1f0b16ed	TCGA-E9-A1RI-01A	Primary Tumor
eba83203-1de1-447a-88d0-2ffbccc24990	TCGA-AR-A2LJ-01A	Primary Tumor
c15e9ead-0373-486e-a99b-26b96bd3ccc4	TCGA-EW-A1P8-01A	Primary Tumor
91e43fc0-1bd1-41e3-a828-43ec6620feb6	TCGA-AR-A0U2-01A	Primary Tumor
5599b7dd-7c2a-4037-ad77-11a0b4ddcb54	TCGA-A2-A3KD-01A	Primary Tumor
d657ed9a-fd92-493c-ae10-120c8b0c58d7	TCGA-BH-A1F5-01A	Primary Tumor
2040d4e4-0ecb-4081-9478-9d2707833a1b	TCGA-C8-A1HK-01A	Primary Tumor
59915f69-8e37-44a8-a8f6-feb9e06b6703	TCGA-A8-A081-01A	Primary Tumor
f94b47fb-764c-456f-946d-907a2fc154db	TCGA-A2-A0YT-01A	Primary Tumor
deb932e6-470e-4fae-88f1-efb2e820325e	TCGA-D8-A1XC-01A	Primary Tumor
76bcf698-d2da-42de-b33c-c5deb721c643	TCGA-BH-A1F6-01A	Primary Tumor
2faa9332-e577-4884-94e4-b895827db8b6	TCGA-C8-A12Q-01A	Primary Tumor
c7571e35-d912-4935-b2c3-bbba019fe9f8	TCGA-A2-A0EY-01A	Primary Tumor
ad67e3a9-1751-4e6f-a962-2175f824f96d	TCGA-A8-A07U-01A	Primary Tumor
d0dcec39-c407-4593-98e3-133714cf2f7b	TCGA-EW-A3E8-01B	Primary Tumor
d84ce38f-afb8-4b1a-9a5f-f62d59577b3d	TCGA-BH-A0BV-01A	Primary Tumor
4cac7145-605b-43d2-a1e3-309971cbe173	TCGA-A2-A04X-01A	Primary Tumor
fc1ea7f7-814a-43c5-a841-fb0c11734603	TCGA-GM-A3XG-01A	Primary Tumor
97dd05b6-58a9-43ab-9e03-faa105d2a700	TCGA-BH-A18N-01A	Primary Tumor
cba08218-0a7b-4425-8776-b240fac9b6cf	TCGA-AR-A5QM-01A	Primary Tumor
4662f2d3-edd6-4260-a4ad-04c46ca54443	TCGA-E2-A10C-01A	Primary Tumor
59980021-265a-4817-b7ea-02908a52cbcb	TCGA-A2-A04Y-01A	Primary Tumor
b9bdb9d3-4d2b-4a53-9804-d0511174e553	TCGA-A7-A0CH-11A	Solid Tissue Normal
2d75b6a1-0f93-4c6a-9554-73a214969c6b	TCGA-E9-A1N4-11A	Solid Tissue Normal
64657d41-17ad-4692-8a13-0cf55c55f11d	TCGA-A7-A0CH-01A	Primary Tumor
e5363f56-84fa-4b66-a005-1e7cdcb84c2f	TCGA-A7-A26J-01A	Primary Tumor
773071d4-438a-4da7-b833-d2d172c4c4e2	TCGA-BH-A1F2-01A	Primary Tumor
2455f280-a23c-48ec-b4c1-698b56f72a45	TCGA-BH-A42T-01A	Primary Tumor
e14858ca-8bb5-4d6d-906c-5d62722d90f8	TCGA-AN-A0AM-01A	Primary Tumor
90617797-d2c7-4c49-bffe-b2bea96a7cf1	TCGA-A7-A13G-11A	Solid Tissue Normal
7125229a-2fc6-402d-bd87-ad0d3195fd49	TCGA-HN-A2NL-01A	Primary Tumor
fde3b574-b9be-4dc2-a5ae-aaab8a0bbd26	TCGA-AC-A2FB-01A	Primary Tumor
0e89a7ce-aed2-4c74-9bdf-cf50793c73b6	TCGA-BH-A0H3-01A	Primary Tumor
c2515ef2-5cfc-4cc2-9541-ae072616d361	TCGA-AQ-A0Y5-01A	Primary Tumor
79bfddcc-1d7b-43a7-9221-8f230eca31d8	TCGA-A7-A0CD-01A	Primary Tumor
06227b3b-56d0-4657-bb37-8f56a3dc15f7	TCGA-LL-A6FP-01A	Primary Tumor
f7a47166-9593-4a37-b95a-2de86b6d65c9	TCGA-BH-A0BD-01A	Primary Tumor
ed0aae7b-f815-4dc8-a98f-5844602cbaea	TCGA-A8-A07G-01A	Primary Tumor
839a4656-f2ce-4460-858a-8e6b314695ef	TCGA-D8-A146-01A	Primary Tumor
b46720bc-7f5a-4bf4-a2a3-3d9fe500d193	TCGA-C8-A1HI-01A	Primary Tumor
488399aa-ef3c-42d7-817f-9db11b9902dd	TCGA-E9-A1R4-01A	Primary Tumor
a9527be9-e865-4074-ae57-f3510e70c203	TCGA-A8-A07E-01A	Primary Tumor
7002e8cb-0d64-4d4b-a483-bf6dec3c2abb	TCGA-AC-A2QH-01B	Primary Tumor
3293a2fa-d57c-448e-a336-a92def5dd92a	TCGA-A7-A0DA-01A	Primary Tumor
aabb4a65-aff2-4f78-a969-bacbe5b80856	TCGA-BH-A0B1-01A	Primary Tumor
acfa0ea5-3345-4734-9917-d3acc10d1a15	TCGA-BH-A18L-11A	Solid Tissue Normal
5cce30f3-99ae-4959-987a-0d280dc2ec44	TCGA-AR-A24Q-01A	Primary Tumor
ee89e01e-d54e-4166-a3ae-db9357639523	TCGA-E2-A155-01A	Primary Tumor
1b65bcb7-8170-4eb8-af93-c547b984c571	TCGA-A2-A0SV-01A	Primary Tumor
4081fb70-afcd-4be3-a071-6df014f4fa52	TCGA-C8-A134-01A	Primary Tumor
40d222ea-3a59-45b9-91a2-0566b239c89e	TCGA-BH-A0HA-01A	Primary Tumor
f205f47f-bd57-42bf-a702-4a17d4391411	TCGA-B6-A0IM-01A	Primary Tumor
c0f6d246-c872-41a5-8135-2bdbdb1f924f	TCGA-A2-A3XX-01A	Primary Tumor
f599be9a-0cac-4441-905c-5a6c87e7bc8c	TCGA-BH-A0BW-11A	Solid Tissue Normal
2d148c3a-7bbd-414f-872e-dd916d0e3ccf	TCGA-BH-A1EN-11A	Solid Tissue Normal
1c386dc6-8279-4156-bd7c-47e2f8af27bf	TCGA-A2-A0ET-01A	Primary Tumor
ef3ba95e-2251-43a6-8910-2bdfb02d22be	TCGA-A2-A1G0-01A	Primary Tumor
dcf2260b-c0bf-4f59-a4da-079a340b1e33	TCGA-AR-A0U3-01A	Primary Tumor
b0e49ee8-40e0-4edf-bcde-277a0fe1d12f	TCGA-AC-A2BM-01A	Primary Tumor
5b6828f2-4da6-49a4-a19c-569e089ff0b0	TCGA-A2-A0CQ-01A	Primary Tumor
587b3262-55f8-4611-8431-0c02a5df652d	TCGA-AR-A2LN-01A	Primary Tumor
e1a528ee-1bec-4aa5-bb9c-9d0af3ba4108	TCGA-A7-A6VX-01A	Primary Tumor
e06eeb14-0ebf-453f-847b-b1ae63fe8194	TCGA-A2-A1FW-01A	Primary Tumor
08837ae7-6f4f-4aa1-8722-7c404b66ed75	TCGA-BH-A18T-01A	Primary Tumor
81138059-5789-4ea7-84e9-1490aa53a283	TCGA-BH-A0H9-11A	Solid Tissue Normal
9cbb73a5-7b3b-4559-a295-d4693ae6dee2	TCGA-BH-A0BQ-01A	Primary Tumor
e4086c26-d200-4e42-8249-ed8cbeec0951	TCGA-BH-A0H0-01A	Primary Tumor
2a18db7b-b054-4210-b8cb-a647c26f90c1	TCGA-E9-A1RI-11A	Solid Tissue Normal
0e9ea184-c4bc-43f0-817c-8a950008e4bd	TCGA-D8-A27K-01A	Primary Tumor
84df6b33-7f6a-496d-8cd7-f523b07fd0bb	TCGA-BH-A0BF-01A	Primary Tumor
1a4285b8-765b-4954-b9f2-dc8609572889	TCGA-A8-A09B-01A	Primary Tumor
e5b0c2dc-c652-40a0-bb80-d7e87830b406	TCGA-BH-A0DP-01A	Primary Tumor
507952aa-23c0-4239-ae19-04d8f862acc2	TCGA-A1-A0SK-01A	Primary Tumor
90cb5f76-ec86-4532-8352-e6622ef24980	TCGA-W8-A86G-01A	Primary Tumor
ef227e3c-7a6d-4c43-945f-c1c7b410d50b	TCGA-E2-A574-01A	Primary Tumor
56be281f-e85c-4dcb-9d75-cd9ae3430bbe	TCGA-A8-A093-01A	Primary Tumor
86d52d54-1b0d-40b1-99ce-82b4e345acb8	TCGA-A8-A084-01A	Primary Tumor
1c74a1ed-8000-4dc0-970f-03831ca5e167	TCGA-BH-A0GZ-01A	Primary Tumor
e25bb12b-f88b-41c5-951e-a36d4b94008f	TCGA-XX-A89A-01A	Primary Tumor
e3e56a3c-5a8b-419e-8904-194a2fdfa550	TCGA-LL-A740-01A	Primary Tumor
54600389-6de5-44ce-ada1-8a8508b50980	TCGA-A2-A0T2-01A	Primary Tumor
c3b9e954-9acd-481d-b6d1-86db1e62d037	TCGA-E9-A1N6-01A	Primary Tumor
a83dac26-4fdb-4819-be18-a6e03641fb80	TCGA-E9-A1NC-01A	Primary Tumor
f2bf29d2-4c33-4810-90e8-88f37ea47bc8	TCGA-AR-A24H-01A	Primary Tumor
be386ce9-a12f-4c16-80ba-a5d47d5b374e	TCGA-E2-A1LB-11A	Solid Tissue Normal
d2659fd9-ac9a-4ab4-9d7c-50d9a16fc9b5	TCGA-BH-A1ES-06A	Metastatic
d56cbe4c-2158-4f78-a545-d5c963a22978	TCGA-A7-A3RF-01A	Primary Tumor
cdfe79d9-a0bd-4700-937f-07bd0ee51d73	TCGA-B6-A0RG-01A	Primary Tumor
8f79405a-c78e-4a9e-a673-969658a0f90b	TCGA-A2-A0EX-01A	Primary Tumor
2cd221ee-4d29-4f40-ab4c-780cc9045c5a	TCGA-E2-A1B5-01A	Primary Tumor
bbff7857-30a2-41ad-b2f7-5a6ffc59fe0c	TCGA-GM-A2DI-01A	Primary Tumor
216378aa-8619-43fb-8a23-7db2fd71b441	TCGA-BH-A18V-06A	Metastatic
19baf63b-8488-4b90-83b7-a6c671da0095	TCGA-BH-A18V-01A	Primary Tumor
ac70b1a2-ff7d-49db-a962-4c07479d50b6	TCGA-E9-A1N4-01A	Primary Tumor
d8ac1c2a-1820-4174-99e3-524b334df490	TCGA-BH-A1EW-11B	Solid Tissue Normal
b9220098-f6f9-4732-8e94-3c9eeb4b8479	TCGA-E2-A1II-01A	Primary Tumor
7f2773df-bece-43e0-94ff-46ba7dcf713e	TCGA-A8-A06O-01A	Primary Tumor
d4943f66-388e-4c86-b61a-5ef9fef34eff	TCGA-A7-A13G-01A	Primary Tumor
e6f927ef-840f-438a-9559-863cc64f71e0	TCGA-LL-A440-01A	Primary Tumor
5aaaf8b5-a75f-4070-93e8-f5b982144638	TCGA-LL-A6FR-01A	Primary Tumor
7d8935d4-33df-4a11-a352-e4e1acc563a4	TCGA-AN-A0FX-01A	Primary Tumor
742a677b-e99b-4916-bb92-3536c55ee5e3	TCGA-BH-A0BG-01A	Primary Tumor
f979b428-649b-42ac-9eae-31ff4daa7b8f	TCGA-B6-A0IN-01A	Primary Tumor
1dd5828f-8e81-4196-992f-70b8203c915f	TCGA-E9-A248-01A	Primary Tumor
1d15f05d-2ac2-4b83-987e-6f4b157b0b74	TCGA-A2-A0ST-01A	Primary Tumor
89e048e0-2bdb-4c62-9c0e-2e6e796238dd	TCGA-A8-A06Y-01A	Primary Tumor
a127fb1e-aa3b-4b6d-98b5-c141ffba9ae7	TCGA-B6-A0IB-01A	Primary Tumor
70f7e473-4a58-4186-aedd-1bab29bef4f3	TCGA-EW-A1P5-01A	Primary Tumor
e22bc31b-332f-45a1-b17c-c747179abe61	TCGA-E2-A15K-01A	Primary Tumor
511ca25f-0b7f-4912-9b79-ed551721a420	TCGA-AN-A0FJ-01A	Primary Tumor
a2f1fa8f-26d6-4b3e-8816-33f42e3f9209	TCGA-BH-A18P-01A	Primary Tumor
927604f9-a38e-4c3f-b50f-3e0db4daf5ec	TCGA-3C-AALI-01A	Primary Tumor
11a64d0e-1dd1-471e-87bf-9e2a7fc13f09	TCGA-E2-A159-01A	Primary Tumor
130343f0-62f4-4400-8002-e596edb3c02a	TCGA-D8-A1XT-01A	Primary Tumor
c32d5451-815d-4451-97b1-e61801574c22	TCGA-BH-A1FG-11B	Solid Tissue Normal
65bc2a34-2355-4193-b20e-439f2d7f6df2	TCGA-E2-A14Z-01A	Primary Tumor
d27acb8c-2551-4ea7-8c09-f211cb4a9ec0	TCGA-AR-A1AV-01A	Primary Tumor
37af19f9-56f9-48ec-97a9-5b0b6e364293	TCGA-C8-A8HP-01A	Primary Tumor
34d68427-f4e7-4c9e-97ee-c853519961fb	TCGA-E9-A244-01A	Primary Tumor
1d7e99d8-052d-491a-8088-91cb0790cb17	TCGA-AR-A0TT-01A	Primary Tumor
76cff555-d8a3-46d1-ac93-12d856adb445	TCGA-E2-A15K-11A	Solid Tissue Normal
ae72486a-e98c-4d72-b172-085d5b79df2c	TCGA-BH-A1FL-01A	Primary Tumor
440bdce7-eb0c-4661-b96a-e90d10e230d6	TCGA-B6-A0X1-01A	Primary Tumor
69aebf68-5357-4269-84fb-ee91a6bd67fd	TCGA-A7-A0D9-01A	Primary Tumor
6e112ec6-1791-4764-8a62-7ad4dfea2d3b	TCGA-A2-A0SX-01A	Primary Tumor
97c68557-c395-40bb-aaa3-a16514da3644	TCGA-EW-A1OY-01A	Primary Tumor
f1934efb-1c8a-4c72-ba94-d263ef0d0cd4	TCGA-B6-A0RL-01A	Primary Tumor
06598222-e18b-45b1-9e4b-407aa120442c	TCGA-D8-A1JK-01A	Primary Tumor
c587bd27-778a-4729-b614-e0631bb3717b	TCGA-E9-A22E-01A	Primary Tumor
5b92e1c6-6265-46b5-bcf7-0c0bafe6f390	TCGA-A8-A08Z-01A	Primary Tumor
03a1a105-4856-4e5c-b537-508bdbda50b5	TCGA-EW-A3U0-01A	Primary Tumor
f33b0d9c-486b-482d-b4a6-c2885072db7b	TCGA-D8-A27N-01A	Primary Tumor
6e8e0eef-1fc8-446c-9038-3a06657784ec	TCGA-E2-A14R-01A	Primary Tumor
a37587aa-2e1f-42f5-a691-c4a41ae79ea9	TCGA-BH-A18K-11A	Solid Tissue Normal
9985bb0b-d1cc-455b-80d9-f8007669cd5c	TCGA-BH-A1FH-11B	Solid Tissue Normal
451ecdf8-433f-4d38-8ab6-3cc8d428ed95	TCGA-BH-A1FH-01A	Primary Tumor
0e2a0a41-fc0f-40d0-a0e7-d3eecac3cfd7	TCGA-A7-A3IZ-01A	Primary Tumor
8e063797-856c-491a-b702-1a37ebf6b6a8	TCGA-E9-A1NG-01A	Primary Tumor
c47a7c89-551d-4115-94e4-7ba4b938e88b	TCGA-B6-A0WS-01A	Primary Tumor
87d5686a-5d57-4ce2-b06a-dee5c2926ebf	TCGA-BH-A0B3-11B	Solid Tissue Normal
37939d7d-074b-42b7-8d68-95a8afef4c38	TCGA-BH-A0B3-01A	Primary Tumor
206804c1-e5be-4076-9793-406d11094266	TCGA-AR-A250-01A	Primary Tumor
12959673-a8ec-4223-a5fe-0648276db5fc	TCGA-AR-A24P-01A	Primary Tumor
c3bab823-4bf2-40ea-903c-fb342067c893	TCGA-BH-A1EU-01A	Primary Tumor
62e7008b-f4ca-40e3-88b3-7354ba2585ac	TCGA-AO-A0J2-01A	Primary Tumor
aa9179e0-a44c-440a-a150-a9d5727579ea	TCGA-BH-A0B8-01A	Primary Tumor
8d87fbd5-8ca7-4ff6-b8b1-79f098dbca9f	TCGA-A2-A0EW-01A	Primary Tumor
56cc8f11-ba1c-48c9-8455-1f73640f9cf5	TCGA-AC-A6NO-01A	Primary Tumor
69bb06b6-74b3-441b-82d7-c6783aa88cdd	TCGA-BH-A0DO-01B	Primary Tumor
774133e2-dfca-4918-9be9-8727fc99fe26	TCGA-A8-A096-01A	Primary Tumor
398fa6bf-78af-473b-8f2c-a2b3b605131f	TCGA-AR-A256-01A	Primary Tumor
83eeba96-e3dc-44a3-846c-43dcc2ff9806	TCGA-AO-A0JL-01A	Primary Tumor
b2c326d7-25ab-42dc-afc2-bc93381062ea	TCGA-AC-A8OS-01A	Primary Tumor
7493bcbc-658d-4789-a25c-9a990dcd44b8	TCGA-D8-A1JD-01A	Primary Tumor
48847088-1303-4b23-8902-c0ca4ea5ae80	TCGA-B6-A409-01A	Primary Tumor
c1d62c39-f3ab-47d3-b654-8b6285cd97a3	TCGA-BH-A0HF-01A	Primary Tumor
c6fd0f95-d74a-49e3-9a70-fec12e63ff1a	TCGA-BH-A18K-01A	Primary Tumor
c5baa506-f18b-42d8-bafd-4e9b85e1d390	TCGA-A2-A3Y0-01A	Primary Tumor
59f472a7-ce4f-4d3a-9193-8b3a4500d52b	TCGA-A2-A3XV-01A	Primary Tumor
9b03a281-22c7-4ad4-b1c8-ba7eed0e8c5b	TCGA-E9-A22H-01A	Primary Tumor
baec6a46-7c48-41ed-a8a9-eef52d32cba3	TCGA-A7-A0D9-11A	Solid Tissue Normal
d5330be0-9f72-4be5-9139-8503aa4d00b4	TCGA-A1-A0SI-01A	Primary Tumor
36e4ffb0-0bab-4035-88f1-a181b195fce1	TCGA-A2-A0CZ-01A	Primary Tumor
8a84b9a5-d453-416b-b481-f15402c2eb54	TCGA-BH-A1EU-11A	Solid Tissue Normal
bb3c5c27-7e75-43cc-8dfd-eab290e2f9da	TCGA-BH-A8FZ-01A	Primary Tumor
d923e06d-c747-419d-bd40-b05eb3e13edb	TCGA-E2-A15P-01A	Primary Tumor
f3746445-b2d0-4455-a6c0-46562188c056	TCGA-E9-A243-01A	Primary Tumor
e67bbc10-91cf-406e-8d5f-8d44c77315f1	TCGA-BH-A1FG-01A	Primary Tumor
4d0dcaac-cf91-4737-931d-f308fb20df9d	TCGA-E2-A1BC-01A	Primary Tumor
95668f0b-130d-44d4-94c0-ba7a4e7798e6	TCGA-OL-A6VR-01A	Primary Tumor
778642d9-e4e2-4ae8-a900-b2e663c9d5b9	TCGA-AC-A3BB-01A	Primary Tumor
f502949f-ca10-4617-a7ee-b8f142f7ec93	TCGA-A8-A09Q-01A	Primary Tumor
6c908d24-e571-436a-9a06-705c294ba5d7	TCGA-B6-A0RE-01A	Primary Tumor
d8a94ea1-68a3-43be-8a30-d690541a23aa	TCGA-E2-A15E-01A	Primary Tumor
15f5f60a-13f0-41a2-8711-171d19c2903a	TCGA-BH-A0H7-01A	Primary Tumor
7882ff91-e415-48ae-9151-26b55f1cfc57	TCGA-BH-A0E0-01A	Primary Tumor
cc12e7a8-e384-47f5-94b8-3e472925cc87	TCGA-A2-A3KC-01A	Primary Tumor
1b98fd3e-d3e3-4ecc-9fe3-02600177efed	TCGA-E2-A1LL-01A	Primary Tumor
1db8a1bb-fef2-4e06-9cd5-a1f6579573a5	TCGA-BH-A18U-01A	Primary Tumor
502fcba1-9d3c-4117-86fb-70a26c090692	TCGA-A8-A06Z-01A	Primary Tumor
ad18b7e0-57ec-41c5-99a1-0c9d8740e0f1	TCGA-A8-A0AB-01A	Primary Tumor
28ecd88f-6249-425c-99e1-9055989feff8	TCGA-AR-A1AJ-01A	Primary Tumor
b88daf3f-645d-4d11-a2be-2295e186747f	TCGA-BH-A18U-11A	Solid Tissue Normal
9d61e56d-690b-4d66-891a-f8d010d704cf	TCGA-A2-A0T1-01A	Primary Tumor
788a4858-c6c6-4a8d-9aef-dbd32d74776b	TCGA-A2-A0D1-01A	Primary Tumor
9da9a119-9f9a-4ddb-947e-97724b9fe45f	TCGA-AO-A0JC-01A	Primary Tumor
435f3fbf-5c8f-4800-bff4-3b4d5f9daf2e	TCGA-GM-A3XL-01A	Primary Tumor
1737104f-367e-4098-a068-12f8ece492bf	TCGA-B6-A0WZ-01A	Primary Tumor
16b9a021-447f-44d8-a1f9-ad45edc73bc9	TCGA-D8-A1XY-01A	Primary Tumor
c7f1e894-f50d-437c-ad42-4a35f531c795	TCGA-S3-AA12-01A	Primary Tumor
dbdaac00-02bf-41e0-8d54-734273e10baa	TCGA-EW-A1P7-01A	Primary Tumor
84ab5edd-38bf-4987-b9af-fa4d1cbdef2c	TCGA-A8-A07Z-01A	Primary Tumor
21f16535-a7bb-4bbd-affe-bff937467374	TCGA-BH-A0E0-11A	Solid Tissue Normal
fdd73b76-517e-4554-ba4d-1c67b1b758f8	TCGA-B6-A0RN-01A	Primary Tumor
0e3cf07b-2cea-4ce7-a8f0-c8dc7d3db7a7	TCGA-LL-A5YL-01A	Primary Tumor
d777e8a9-92a8-48eb-bf58-8e13af99c77f	TCGA-A8-A0A4-01A	Primary Tumor
51a3cb9a-e745-49ac-af0e-3a750f9e7521	TCGA-S3-AA10-01A	Primary Tumor
391a3465-d22e-424b-af09-3e6342159bbb	TCGA-A8-A076-01A	Primary Tumor
589dda89-b968-4f26-b3c7-5371dfdb8a90	TCGA-OL-A66O-01A	Primary Tumor
4c2bb8e3-2527-466b-a3bb-0f36c3b2a3e7	TCGA-A7-A13F-11A	Solid Tissue Normal
a2f902f5-2413-4698-b53b-446df6409d61	TCGA-AC-A3YI-01A	Primary Tumor
7bcb3817-31ac-4ef5-9038-a9bfebad5869	TCGA-V7-A7HQ-01A	Primary Tumor
a73c6624-c462-4c25-94bf-58769257c6dc	TCGA-A2-A0T6-01A	Primary Tumor
8ced7ce3-86ec-4bc8-afce-8fcfb06d8be4	TCGA-D8-A1JC-01A	Primary Tumor
a5c799bc-1332-4127-8fda-84da04084d25	TCGA-A7-A26E-01B	Primary Tumor
43820fe3-a899-4e6b-9227-27e32edaefd5	TCGA-BH-A0DX-01A	Primary Tumor
f0a63361-78bb-4a7f-9d78-31f7b2980ba2	TCGA-C8-A137-01A	Primary Tumor
91577462-386f-43eb-88e1-859c1d74763c	TCGA-E9-A1N3-01A	Primary Tumor
0b829610-f28e-418e-b79d-d3351e13e1fe	TCGA-B6-A0IJ-01A	Primary Tumor
b4ac6e06-8760-4cb2-883c-c829eaefdc4c	TCGA-BH-A0B7-01A	Primary Tumor
621b0997-70e5-415b-8d8c-1e5f90d0d4aa	TCGA-D8-A1XZ-01A	Primary Tumor
e4f1f27b-24a1-4d01-af87-b2692d092d2a	TCGA-A7-A4SA-01A	Primary Tumor
7814e438-105f-4d5b-94fe-8c66e95585ea	TCGA-AR-A24L-01A	Primary Tumor
ad8be67e-a885-4d33-8776-fa0a5f9863d1	TCGA-BH-A1F0-11B	Solid Tissue Normal
e9fe2319-2624-4ac1-9c41-d0ac44608f02	TCGA-AN-A0FY-01A	Primary Tumor
afedbcf7-d427-4371-9c2a-f349b03de522	TCGA-AO-A12E-01A	Primary Tumor
0525bcb6-d206-46c8-b37d-b9b7cc90fef6	TCGA-BH-A1F0-01A	Primary Tumor
8437bf97-2354-40cf-8dc4-631c5d7ae63a	TCGA-E2-A15J-01A	Primary Tumor
4cce67eb-0cb7-4c8f-a81e-0e521c2b0168	TCGA-BH-A0AZ-11A	Solid Tissue Normal
1051db4c-40a5-4a98-a239-d96c986aa349	TCGA-B6-A0I6-01A	Primary Tumor
4ed31cce-6d4f-4c79-a4e4-80eaedd1c4d2	TCGA-LL-A7SZ-01A	Primary Tumor
aa89d193-05a1-4f7f-9291-b9cf646656de	TCGA-A8-A07W-01A	Primary Tumor
6c7f9fc6-3dba-4605-9f0c-d4f00095352f	TCGA-BH-AB28-01A	Primary Tumor
19520ee7-658f-4e16-8a24-291beed9f0af	TCGA-A1-A0SQ-01A	Primary Tumor
1a000feb-3b71-4f95-8b39-68ec25b64d96	TCGA-GM-A3XN-01A	Primary Tumor
02e08315-4d34-421c-acc0-129b1e1de38b	TCGA-E2-A1IE-01A	Primary Tumor
987d401a-3e68-414e-8067-afe277b02fad	TCGA-A2-A0ES-01A	Primary Tumor
aedc877a-f4b9-4657-b5c9-b7768b5751c9	TCGA-AC-A7VC-01A	Primary Tumor
1eca5ea8-093a-494d-968b-2ffcfe2b4604	TCGA-D8-A1XG-01A	Primary Tumor
35fd75aa-21e8-49c0-8b40-159839c3cc19	TCGA-BH-A0BT-01A	Primary Tumor
fc9fab5b-52f0-4c79-bdf3-750c650a0fdc	TCGA-A2-A3XY-01A	Primary Tumor
9ccdf2cc-ca01-4ef7-bed9-f955fd0396c2	TCGA-BH-A0EA-01A	Primary Tumor
89409cf3-e710-47fd-af3c-6f8f0dec7c90	TCGA-A7-A26E-01A	Primary Tumor
e5016a2d-c839-4962-aa12-16b6c0e1328b	TCGA-B6-A0IO-01A	Primary Tumor
ea1fadc2-1cdc-4658-9619-eeb26ae09da8	TCGA-BH-A0H7-11A	Solid Tissue Normal
da7f48b2-3bed-4824-8de7-187d0b22f54d	TCGA-C8-A1HF-01A	Primary Tumor
f30b7e3e-f26d-47f7-a87f-6c1a4f074f65	TCGA-B6-A0IQ-01A	Primary Tumor
0081f507-b104-4214-9ea1-31dd69130991	TCGA-E2-A14U-01A	Primary Tumor
c441b2f1-d5ad-4aae-a37e-946579ff604f	TCGA-OL-A5RW-01A	Primary Tumor
da84f488-af86-4472-bf87-063a9137e1db	TCGA-BH-A0BT-11A	Solid Tissue Normal
a4fc84b0-29ff-4994-b493-1102a044838d	TCGA-B6-A0X0-01A	Primary Tumor
7d1c40bf-6119-4f2b-bb33-3ba23546799f	TCGA-LD-A7W5-01A	Primary Tumor
fd94a0ed-37d8-49a5-af96-e2160a9e6096	TCGA-BH-A18P-11A	Solid Tissue Normal
3e0c80d6-5091-454c-ad27-eb513cf6f45d	TCGA-GI-A2C9-01A	Primary Tumor
78805478-bf7a-4d7b-8c4f-15e334430efd	TCGA-E2-A15H-01A	Primary Tumor
9dc09c86-c728-4bd9-b2b6-2d9962dad662	TCGA-EW-A2FS-01A	Primary Tumor
ed1497db-7c6f-4bd2-83ed-ee05fa286f8b	TCGA-C8-A130-01A	Primary Tumor
f1dc7a14-29f1-4fe1-bc67-01e0776d6b40	TCGA-OL-A5RV-01A	Primary Tumor
9dc47384-64df-48c7-9d41-921d6021ef9c	TCGA-BH-A0B8-11A	Solid Tissue Normal
77e51e8b-b21e-458a-9d00-217baa96d771	TCGA-BH-A0E7-01A	Primary Tumor
2a73e390-7415-486e-8d15-d9ea6ede09ba	TCGA-AC-A5XS-01A	Primary Tumor
4df2233b-3bbc-4d20-9abc-2a09b3f37383	TCGA-BH-A0DO-11A	Solid Tissue Normal
a260d9e5-d88e-44eb-8431-4266c1baf68a	TCGA-AC-A2QJ-01A	Primary Tumor
b1d29048-b913-40d9-bb58-97c107b95e8d	TCGA-A7-A426-01A	Primary Tumor
5bee33e8-6c0e-4b47-b5b4-a82bf5784d81	TCGA-AC-A2FE-01A	Primary Tumor
2fa144d0-2776-46d9-a7d4-41f68a1d3727	TCGA-A2-A04R-01A	Primary Tumor
5fe2671d-4314-444b-adc1-64bbc6a85aab	TCGA-D8-A1JL-01A	Primary Tumor
1ca86ab0-2f8a-4cd3-81b8-d19e8579b1d6	TCGA-A2-A25A-01A	Primary Tumor
4ef4f9f1-7883-4fff-91c0-223cac5f1887	TCGA-BH-A0HX-01A	Primary Tumor
422ef158-74dd-4a5e-88a6-5b0da33004d1	TCGA-AN-A0AR-01A	Primary Tumor
ec9437c2-dad0-471a-bd2c-faa61846af57	TCGA-E2-A156-01A	Primary Tumor
2b64d9ef-56fc-4362-99c7-d0cc6011c2a4	TCGA-EW-A1P6-01A	Primary Tumor
430184b1-040d-4b3a-863d-1e6c71009d93	TCGA-A7-A56D-01A	Primary Tumor
0f0b1a31-1f88-40e0-bd25-320046de4970	TCGA-AO-A0J6-01A	Primary Tumor
98320692-9c1c-4ed3-9ea1-72f098c03049	TCGA-E9-A1ND-01A	Primary Tumor
a629c407-5141-454c-bb69-ba7e58d1febc	TCGA-BH-A0DK-01A	Primary Tumor
e4732dd4-002a-4b37-9a56-d01d551e9cc3	TCGA-B6-A0WW-01A	Primary Tumor
ddb7443e-0dda-40f1-9652-adc025804c85	TCGA-BH-A0EB-01A	Primary Tumor
3396edba-0d2a-4485-ad0a-5114b38c1abe	TCGA-GM-A2DL-01A	Primary Tumor
27f4c9d4-d6ba-4fea-9f0b-fb06066e69a8	TCGA-E2-A158-01A	Primary Tumor
86ce8513-c2a6-4b5c-9811-904f0eee21a0	TCGA-EW-A1J1-01A	Primary Tumor
871d28f4-09d5-4f16-8c29-4aa7d247f3e3	TCGA-A2-A1G4-01A	Primary Tumor
d67d6fbf-50fa-485e-8ac7-a3c7ac33b3b2	TCGA-E9-A3QA-01A	Primary Tumor
cc7f30ec-5369-45ec-80cb-68534838a655	TCGA-A2-A0YG-01A	Primary Tumor
f66aace4-01a4-4def-8e71-26d9aaf13d49	TCGA-A1-A0SE-01A	Primary Tumor
e0bd84f0-9524-4bd2-aa92-7205357596e5	TCGA-E9-A1RF-01A	Primary Tumor
4d27c8ac-375b-414a-8f88-75092f03bdd8	TCGA-A2-A25F-01A	Primary Tumor
3b9e620f-a661-4a1d-ac46-ab4c56a4b241	TCGA-A1-A0SD-01A	Primary Tumor
3bb2e240-9cea-4dd2-be32-6bc6976a79b1	TCGA-A2-A0CX-01A	Primary Tumor
9765934d-d954-485c-abfe-b9db59f18193	TCGA-AR-A0TZ-01A	Primary Tumor
5dfadec2-3a10-40a9-99be-4984e917ba88	TCGA-BH-A0AZ-01A	Primary Tumor
86b68671-beef-4a15-aabb-89d79396fd9d	TCGA-EW-A1P4-01A	Primary Tumor
c9bc7edd-c545-4d76-9246-1bfa043a966c	TCGA-A7-A5ZW-01A	Primary Tumor
23304266-b28c-4ff2-8dcf-bb18f56417b4	TCGA-AO-A1KT-01A	Primary Tumor
d889e5ea-58f5-4d2f-ad1e-6ab5d3217642	TCGA-E9-A1RE-01A	Primary Tumor
09385f52-e4ad-4ae0-9f09-91e8dd5fc953	TCGA-A1-A0SJ-01A	Primary Tumor
7fadaf69-2a7b-4eca-aec9-c2f2b43eab3c	TCGA-EW-A1P3-01A	Primary Tumor
ac88a5c1-caae-4b08-87bc-0dedbe61d996	TCGA-D8-A27F-01A	Primary Tumor
4c2a67aa-54ef-405d-a498-45c1790380da	TCGA-D8-A13Y-01A	Primary Tumor
136df0c2-a2a4-42e9-9cc6-9051d4f4c13d	TCGA-A2-A04V-01A	Primary Tumor
41e96cc6-43d5-4eea-bbd3-23fb389d5532	TCGA-AN-A0XO-01A	Primary Tumor
45bf52c6-b1a3-4f01-8345-a224fc195e18	TCGA-A2-A04N-01A	Primary Tumor
207ea988-6795-460c-bfeb-382d8c758f31	TCGA-E9-A1NG-11A	Solid Tissue Normal
67347e29-6d43-4234-8b04-188be7e6440b	TCGA-E2-A14Y-01A	Primary Tumor
4004cdd0-51fa-4330-bd03-5448f6c7b787	TCGA-B6-A0I5-01A	Primary Tumor
f9418a79-3614-41a1-8ab0-c2b4313c6fd4	TCGA-S3-A6ZG-01A	Primary Tumor
e0ec172b-4ad3-43a5-aa90-6d64ebca1a76	TCGA-E2-A15K-06A	Metastatic
5e789924-9d98-4765-a348-90a27349d906	TCGA-GI-A2C9-11A	Solid Tissue Normal
189f1a1b-96d6-4cb9-9000-001e08dca1ba	TCGA-E2-A1LK-01A	Primary Tumor
c1f6f39f-db8f-4449-bfb2-d1f3f2a95d22	TCGA-AR-A1AW-01A	Primary Tumor
4b558a24-b10c-4d59-a921-10e6a3a9fb35	TCGA-AR-A24Z-01A	Primary Tumor
fe7c2cdd-7c3f-4d76-ad78-2a676116f464	TCGA-AC-A7VB-01A	Primary Tumor
ee39aea6-23f8-470f-863c-545ef6c5ea77	TCGA-B6-A400-01A	Primary Tumor
c6a4afd8-8044-475f-b4fd-a1b4cb922976	TCGA-E2-A1BC-11A	Solid Tissue Normal
cf801232-8aa2-4ede-80b0-8c5b9876941b	TCGA-BH-A0HQ-01A	Primary Tumor
a9b5ab37-10c2-4fb6-9c4e-3fcd5ea26526	TCGA-AO-A0JF-01A	Primary Tumor
f55eb7a0-34e6-4d0d-9427-7d7896ddf060	TCGA-AR-A5QQ-01A	Primary Tumor
4c46a463-f0e3-4e19-ad95-5dab0231d1c6	TCGA-AR-A1AX-01A	Primary Tumor
26466526-2d6e-4869-a06a-c33344e5fab2	TCGA-D8-A1X5-01A	Primary Tumor
94ae90d4-16a8-4922-b6b6-e5fcec9d0ae6	TCGA-D8-A73W-01A	Primary Tumor
1581b466-9502-491e-828b-dd9b721690cb	TCGA-E2-A1IH-01A	Primary Tumor
eea8e274-7b23-444d-999d-1741d7a928d2	TCGA-E2-A109-01A	Primary Tumor
4ec56a4e-a3ce-4511-a517-199e2a535b1a	TCGA-C8-A27B-01A	Primary Tumor
99502a82-c77e-482b-8589-82d9ef82d5d1	TCGA-E2-A15O-01A	Primary Tumor
6efd37a6-1669-4cdd-95b6-60c688e1e236	TCGA-A7-A0DB-01A	Primary Tumor
4382bb60-997e-4a1a-9cdb-3d8738806379	TCGA-A2-A4RX-01A	Primary Tumor
fb32f0b1-4fb7-43d5-8091-dc13a1f6d9e8	TCGA-A8-A06R-01A	Primary Tumor
90eefb33-6808-45c3-9ab1-6eca0decdc9d	TCGA-BH-A1FU-01A	Primary Tumor
eddb2dc6-2b72-43a8-a7fc-3dd09dde68af	TCGA-BH-A1FU-11A	Solid Tissue Normal
59c3cb45-ca6e-40ad-a3f0-9b496b934aa5	TCGA-E9-A3Q9-01A	Primary Tumor
eb166054-ff70-4a86-883b-9c25a7d2b0e5	TCGA-AR-A0TX-01A	Primary Tumor
3eb2d652-73f5-41c0-bf73-f40e85e1ecae	TCGA-AN-A03Y-01A	Primary Tumor
cc7ea1eb-4947-4030-ace5-673e9441a9a8	TCGA-E2-A15D-01A	Primary Tumor
578022ab-5178-4440-8996-73e8826dd74d	TCGA-GM-A5PX-01A	Primary Tumor
0f1cf3a6-6e68-440a-9744-85e44d88b61f	TCGA-E2-A1L8-01A	Primary Tumor
cdf2bc60-591c-4219-bf96-40dd8b6c8459	TCGA-LL-A5YN-01A	Primary Tumor
ce53c8d2-5655-4fde-b134-1ef5a269e569	TCGA-AC-A3OD-01B	Primary Tumor
1b8dddf2-89d9-43aa-84c7-1d18e8865106	TCGA-E2-A1LG-01A	Primary Tumor
2bf56d2d-8c5e-4579-847b-03fd0ba46143	TCGA-BH-A0DK-11A	Solid Tissue Normal
659f84a0-df18-44a4-8b82-ebaec356153d	TCGA-S3-A6ZH-01A	Primary Tumor
9e4b6ad6-99f7-4244-8f1b-20b7b36c457f	TCGA-E2-A107-01A	Primary Tumor
90452523-0f9a-4c14-9d5f-e44f7079fb18	TCGA-GM-A2DA-01A	Primary Tumor
d2e2915c-125e-45c6-b7f3-6a815b3d2859	TCGA-AC-A2QI-01A	Primary Tumor
586d9c21-e58a-4171-9755-30c0e8b16293	TCGA-AC-A2FO-01A	Primary Tumor
50e8fce6-5775-41d6-bcaa-73773db999e2	TCGA-AO-A03P-01A	Primary Tumor
9c55de9c-a13e-4772-9a5d-4cde38f75cf3	TCGA-EW-A1IZ-01A	Primary Tumor
bdef0c66-0755-4581-b813-87c8512754ba	TCGA-AO-A129-01A	Primary Tumor
37bf6454-a4e7-4e00-9562-57ba6fd58b6d	TCGA-AR-A1AM-01A	Primary Tumor
ccd1dcec-f3c1-42ca-b3e8-a73a7d2237ff	TCGA-OL-A66N-01A	Primary Tumor
072cae2e-f4c1-4a3f-85e1-6f7e35a65108	TCGA-A8-A099-01A	Primary Tumor
04024f75-7405-4ccc-8976-91d0a3035b3a	TCGA-E2-A14W-01A	Primary Tumor
a217c1ab-e2cb-487c-982a-8241da38272f	TCGA-A7-A4SC-01A	Primary Tumor
526d750f-3cab-4379-9b3e-1b7f9fa84528	TCGA-E2-A2P5-01A	Primary Tumor
c89590e8-8b74-4c05-a022-e21eab5cffdd	TCGA-A7-A0DB-01C	Primary Tumor
d7a48283-c113-4745-be6b-553966e6b457	TCGA-A7-A0DB-11A	Solid Tissue Normal
d0654d2d-37ef-4d93-996e-c68cfedea376	TCGA-EW-A1P1-01A	Primary Tumor
469c052c-d2c8-4626-af1c-7276653168fe	TCGA-E2-A576-01A	Primary Tumor
15e249cf-4c45-4006-84fd-899f9927e376	TCGA-E2-A15F-01A	Primary Tumor
14edb678-3b6c-4a58-aabf-0f9d1f7d9bdc	TCGA-BH-A0BP-01A	Primary Tumor
fd7a6cfc-0ebe-4b79-b93d-d70b9bf533bc	TCGA-AN-A0XR-01A	Primary Tumor
14979d31-e8b1-4948-beea-f913dfefa200	TCGA-A2-A3XS-01A	Primary Tumor
c440cfb1-33ec-4be4-a4a4-4aea9a66d021	TCGA-E2-A158-11A	Solid Tissue Normal
89ece3f8-e2db-4ed6-b5b8-dd4df34d6224	TCGA-AC-A23G-01A	Primary Tumor
de5e449b-bc57-4836-89e4-73a3ba24abdf	TCGA-EW-A1PD-01A	Primary Tumor
12f8a326-1417-478e-a45e-abdff8b44266	TCGA-A8-A08X-01A	Primary Tumor
7915bbbc-7e5b-4439-bea4-12fc7f639d6d	TCGA-AQ-A1H2-01A	Primary Tumor
7b738087-65b1-4c6e-94c4-d0ba6bb17098	TCGA-EW-A1OW-01A	Primary Tumor
793d3caa-8353-4536-83e5-711215bd51e9	TCGA-D8-A1JH-01A	Primary Tumor
fb397586-1b5b-40e0-a885-8663f9c76f6d	TCGA-AR-A1AT-01A	Primary Tumor
5d875fca-d1ff-4c08-9dfa-0f1e67dc586b	TCGA-AR-A2LK-01A	Primary Tumor
762adf07-6d7a-4d02-98fb-16fffd548a93	TCGA-A8-A09A-01A	Primary Tumor
1300bf72-ead0-4c03-b140-fca26302b43c	TCGA-A8-A09V-01A	Primary Tumor
635084ad-0b62-4217-bc6f-e2a8c1326aee	TCGA-5T-A9QA-01A	Primary Tumor
4bf6ebc1-575d-49e4-9f66-068b537373c0	TCGA-BH-A203-01A	Primary Tumor
699e47b8-5396-43eb-927d-8d05b0e79644	TCGA-BH-A203-11A	Solid Tissue Normal
26caf8b1-0202-4656-9bb9-4a80ffc94118	TCGA-E2-A1IL-01A	Primary Tumor
a2837f64-2441-4d31-befc-514f8526b1f7	TCGA-AN-A03X-01A	Primary Tumor
d144a154-2dcb-484f-b50d-1b65ab9eb19e	TCGA-E9-A2JT-01A	Primary Tumor
679ba4c3-49da-47d1-bef2-ce25fd862758	TCGA-WT-AB41-01A	Primary Tumor
d9ea5bde-aa1a-4210-976f-b2f67c6d0191	TCGA-A8-A07C-01A	Primary Tumor
0fef4f4a-1c4e-4035-acff-af12febbaf1e	TCGA-B6-A1KF-01A	Primary Tumor
f5e5f153-f422-4c2a-ae54-fc11f416c637	TCGA-D8-A140-01A	Primary Tumor
1936440a-9cfc-4b04-af40-3fbc22fe87f6	TCGA-E2-A152-01A	Primary Tumor
99367019-5583-4bcc-aa62-25916515fe17	TCGA-AC-A5EH-01A	Primary Tumor
bc0a4326-63d2-4ec4-9af6-7b421aa8aa49	TCGA-E2-A106-01A	Primary Tumor
1341b934-ead3-4c4a-bd84-09084895fa83	TCGA-AN-A0XN-01A	Primary Tumor
055f6138-ea7a-468d-90c2-87a473486867	TCGA-A2-A0SU-01A	Primary Tumor
c1f3f326-e99f-4811-9665-d15d6d8a1c33	TCGA-E9-A5FL-01A	Primary Tumor
56a26df4-d9c1-4f43-bb44-8afd34eea927	TCGA-E9-A1NI-01A	Primary Tumor
ff5f8ada-17c5-497e-9182-63a05e3ab4c5	TCGA-OL-A5D6-01A	Primary Tumor
d240cdef-e1a3-481f-a0d5-895d7cc5cabd	TCGA-AO-A1KO-01A	Primary Tumor
83707590-e4c8-4e06-98d5-f6c5dc710d1b	TCGA-E9-A1RG-01A	Primary Tumor
18022491-5c13-4a17-aed9-ea85e1088267	TCGA-D8-A1X8-01A	Primary Tumor
5223fb98-dd63-4c20-a7c0-02e0b13ccb33	TCGA-C8-A1HE-01A	Primary Tumor
bf6e2b60-d65b-4963-8e8e-49ab3f93c3e1	TCGA-A7-A13D-01B	Primary Tumor
1ace2a0c-773d-45b5-8fd6-968c88731bbb	TCGA-AN-A04A-01A	Primary Tumor
744a6d3d-b666-49aa-8d26-47f34e3d1eb5	TCGA-BH-A18H-01A	Primary Tumor
2081a155-9d2d-41f6-b243-68a12e9b342a	TCGA-EW-A1PB-01A	Primary Tumor
cee943a8-ea26-4b2f-b8a4-66300ccacfb5	TCGA-A8-A07B-01A	Primary Tumor
95f4620f-f9b0-4533-bb13-f412d774244a	TCGA-AR-A0TP-01A	Primary Tumor
bd239a8e-56e2-45ca-bc44-bff98b72c1d6	TCGA-BH-A18R-11A	Solid Tissue Normal
d32a2386-8747-4f9f-84b2-130a2c948342	TCGA-AC-A2FM-01A	Primary Tumor
7fa9ad2e-67a7-449f-be73-9e18dc46b529	TCGA-AO-A0J4-01A	Primary Tumor
3e5dce7b-3f1e-4b43-b83e-8c0fc654e9c4	TCGA-A7-A26I-01A	Primary Tumor
11e658a7-64e3-47ac-8993-eea0d17fc949	TCGA-E9-A1NH-01A	Primary Tumor
25352bc8-c94c-4542-a7da-d4423adf72cf	TCGA-A7-A13D-01A	Primary Tumor
6a89e8a2-577e-4531-98e8-ba6fc6cfe525	TCGA-BH-A202-01A	Primary Tumor
4ecc1f1a-8ff4-4552-a5e8-7a9652b6d1d5	TCGA-E2-A14P-01A	Primary Tumor
e84b9f1a-0def-425b-86c1-c143b27509b5	TCGA-BH-A1FJ-11B	Solid Tissue Normal
4d2cc90a-574f-4184-9a1c-86af222e9bb6	TCGA-EW-A2FV-01A	Primary Tumor
a701ab46-0745-4f23-8723-df5846e8806f	TCGA-A2-A04T-01A	Primary Tumor
148fc636-0b7b-4f10-b513-45edcf71a79e	TCGA-A7-A26I-01B	Primary Tumor
e7789185-2581-4846-bafd-8b920edc0973	TCGA-D8-A1XW-01A	Primary Tumor
e3cfb618-5ed2-4841-b7c1-a9f049ac8f9d	TCGA-GM-A2DD-01A	Primary Tumor
8f4d34b3-5dd0-4ff2-b017-0cfa6e5c5f6b	TCGA-BH-A1FJ-01A	Primary Tumor
59d61414-a337-4e45-9e89-4526dde82786	TCGA-A8-A07L-01A	Primary Tumor
373e0f41-a47e-4f4e-88fe-9703d16a840c	TCGA-BH-A18R-01A	Primary Tumor
812eeeed-1222-4add-b6d1-f53ae2669218	TCGA-A8-A090-01A	Primary Tumor
da29bf10-4629-4234-8e49-43a4513fe579	TCGA-E9-A5FK-01A	Primary Tumor
ddb8fb65-cf53-41a0-8acd-a538a8754fa5	TCGA-BH-A18M-11A	Solid Tissue Normal
77f150b1-5f40-442d-91c5-6d3571513513	TCGA-BH-A0RX-01A	Primary Tumor
ed797859-4d7e-40e6-bae3-54ef15ad0f0a	TCGA-E2-A1AZ-01A	Primary Tumor
9b5bdd89-05ac-4cde-beee-66739a903939	TCGA-EW-A6SA-01A	Primary Tumor
3782bc2e-5a29-4380-9b44-735ca1ac8896	TCGA-AO-A12B-01A	Primary Tumor
