barcode	type
TCGA-3C-AALK-01A	tumor
TCGA-A1-A0SD-01A	tumor
TCGA-A1-A0SF-01A	tumor
TCGA-A1-A0SH-01A	tumor
TCGA-A2-A04N-01A	tumor
TCGA-A2-A04P-01A	tumor
TCGA-A2-A04Q-01A	tumor
TCGA-A2-A04R-01A	tumor
TCGA-A2-A04T-01A	tumor
TCGA-A2-A04U-01A	tumor
TCGA-A2-A04V-01A	tumor
TCGA-A2-A04W-01A	tumor
TCGA-A2-A04X-01A	tumor
TCGA-A2-A0CK-01A	tumor
TCGA-A2-A0CM-01A	tumor
TCGA-A2-A0CP-01A	tumor
TCGA-A2-A0CS-01A	tumor
TCGA-A2-A0CT-01A	tumor
TCGA-A2-A0CX-01A	tumor
TCGA-A2-A0CY-01A	tumor
TCGA-A2-A0CZ-01A	tumor
TCGA-A2-A0D4-01A	tumor
TCGA-A2-A0EM-01A	tumor
TCGA-A2-A0EN-01A	tumor
TCGA-A2-A0EO-01A	tumor
TCGA-A2-A0EP-01A	tumor
TCGA-A2-A0EX-01A	tumor
TCGA-A2-A0ST-01A	tumor
TCGA-A2-A0SW-01A	tumor
TCGA-A2-A0T3-01A	tumor
TCGA-A2-A0T7-01A	tumor
TCGA-A2-A0YG-01A	tumor
TCGA-A2-A0YH-01A	tumor
TCGA-A2-A0YK-01A	tumor
TCGA-A2-A0YL-01A	tumor
TCGA-A2-A0YM-01A	tumor
TCGA-A2-A1FV-01A	tumor
TCGA-A2-A1FX-01A	tumor
TCGA-A2-A1G0-01A	tumor
TCGA-A2-A1G1-01A	tumor
TCGA-A2-A1G4-01A	tumor
TCGA-A2-A1G6-01A	tumor
TCGA-A2-A259-01A	tumor
TCGA-A2-A25E-01A	tumor
TCGA-A2-A3KC-01A	tumor
TCGA-A2-A3KD-01A	tumor
TCGA-A2-A3XT-01A	tumor
TCGA-A2-A3XV-01A	tumor
TCGA-A2-A3XX-01A	tumor
TCGA-A2-A4RY-01A	tumor
TCGA-A2-A4S3-01A	tumor
TCGA-A7-A0CD-01A	tumor
TCGA-A7-A0CE-01A	tumor
TCGA-A7-A0CE-11A	normal
TCGA-A7-A0CH-01A	tumor
TCGA-A7-A0CH-11A	normal
TCGA-A7-A0D9-01A	tumor
TCGA-A7-A0D9-11A	normal
TCGA-A7-A0DB-01A	tumor
TCGA-A7-A0DB-11A	normal
TCGA-A7-A0DC-11A	normal
TCGA-A7-A13D-01A	tumor
TCGA-A7-A13D-01B	tumor
TCGA-A7-A13E-01A	tumor
TCGA-A7-A13E-11A	normal
TCGA-A7-A13F-11A	normal
TCGA-A7-A13G-01A	tumor
TCGA-A7-A13G-11A	normal
TCGA-A7-A13H-01A	tumor
TCGA-A7-A26E-01B	tumor
TCGA-A7-A26F-01B	tumor
TCGA-A7-A26G-01A	tumor
TCGA-A7-A26H-01A	tumor
TCGA-A7-A26I-01A	tumor
TCGA-A7-A26I-01B	tumor
TCGA-A7-A26J-01A	tumor
TCGA-A7-A26J-01B	tumor
TCGA-A7-A3IY-01A	tumor
TCGA-A7-A3J1-01A	tumor
TCGA-A7-A3RF-01A	tumor
TCGA-A7-A425-01A	tumor
TCGA-A7-A426-01A	tumor
TCGA-A7-A4SB-01A	tumor
TCGA-A7-A4SE-01A	tumor
TCGA-A7-A4SF-01A	tumor
TCGA-A7-A5ZV-01A	tumor
TCGA-A7-A5ZW-01A	tumor
TCGA-A7-A6VW-01A	tumor
TCGA-A7-A6VX-01A	tumor
TCGA-A8-A06O-01A	tumor
TCGA-A8-A06P-01A	tumor
TCGA-A8-A06Q-01A	tumor
TCGA-A8-A06U-01A	tumor
TCGA-A8-A06Y-01A	tumor
TCGA-A8-A076-01A	tumor
TCGA-A8-A079-01A	tumor
TCGA-A8-A07B-01A	tumor
TCGA-A8-A07C-01A	tumor
TCGA-A8-A07E-01A	tumor
TCGA-A8-A07F-01A	tumor
TCGA-A8-A07G-01A	tumor
TCGA-A8-A07I-01A	tumor
TCGA-A8-A07J-01A	tumor
TCGA-A8-A07P-01A	tumor
TCGA-A8-A07R-01A	tumor
TCGA-A8-A07S-01A	tumor
TCGA-A8-A07W-01A	tumor
TCGA-A8-A082-01A	tumor
TCGA-A8-A086-01A	tumor
TCGA-A8-A08C-01A	tumor
TCGA-A8-A08G-01A	tumor
TCGA-A8-A08H-01A	tumor
TCGA-A8-A08I-01A	tumor
TCGA-A8-A08P-01A	tumor
TCGA-A8-A08S-01A	tumor
TCGA-A8-A08T-01A	tumor
TCGA-A8-A08X-01A	tumor
TCGA-A8-A091-01A	tumor
TCGA-A8-A092-01A	tumor
TCGA-A8-A093-01A	tumor
TCGA-A8-A095-01A	tumor
TCGA-A8-A097-01A	tumor
TCGA-A8-A09B-01A	tumor
TCGA-A8-A09D-01A	tumor
TCGA-A8-A09Q-01A	tumor
TCGA-A8-A09R-01A	tumor
TCGA-A8-A09T-01A	tumor
TCGA-A8-A09Z-01A	tumor
TCGA-A8-A0A2-01A	tumor
TCGA-AC-A23E-01A	tumor
TCGA-AC-A23G-01A	tumor
TCGA-AC-A23H-11A	normal
TCGA-AC-A2BM-01A	tumor
TCGA-AC-A2FB-11A	normal
TCGA-AC-A2FE-01A	tumor
TCGA-AC-A2FF-01A	tumor
TCGA-AC-A2FF-11A	normal
TCGA-AC-A2FK-01A	tumor
TCGA-AC-A2FM-11B	normal
TCGA-AC-A2FO-01A	tumor
TCGA-AC-A2QH-01A	tumor
TCGA-AC-A2QJ-01A	tumor
TCGA-AC-A3OD-01A	tumor
TCGA-AC-A3QP-01A	tumor
TCGA-AC-A3QQ-01B	tumor
TCGA-AC-A3TM-01A	tumor
TCGA-AC-A3TN-01A	tumor
TCGA-AC-A3W5-01A	tumor
TCGA-AC-A3YI-01A	tumor
TCGA-AC-A4ZE-01A	tumor
TCGA-AC-A5XU-01A	tumor
TCGA-AC-A6NO-01A	tumor
TCGA-AC-A8OP-01A	tumor
TCGA-AC-A8OQ-01A	tumor
TCGA-AC-A8OS-01A	tumor
TCGA-AN-A03X-01A	tumor
TCGA-AN-A046-01A	tumor
TCGA-AN-A0AJ-01A	tumor
TCGA-AN-A0AM-01A	tumor
TCGA-AN-A0AT-01A	tumor
TCGA-AN-A0FD-01A	tumor
TCGA-AN-A0FK-01A	tumor
TCGA-AN-A0FL-01A	tumor
TCGA-AN-A0FN-01A	tumor
TCGA-AN-A0FY-01A	tumor
TCGA-AN-A0G0-01A	tumor
TCGA-AN-A0XO-01A	tumor
TCGA-AN-A0XP-01A	tumor
TCGA-AN-A0XR-01A	tumor
TCGA-AN-A0XT-01A	tumor
TCGA-AN-A0XW-01A	tumor
TCGA-AO-A03L-01A	tumor
TCGA-AO-A03M-01B	tumor
TCGA-AO-A03N-01B	tumor
TCGA-AO-A03U-01B	tumor
TCGA-AO-A03V-01A	tumor
TCGA-AO-A0J3-01A	tumor
TCGA-AO-A0J6-01A	tumor
TCGA-AO-A0J8-01A	tumor
TCGA-AO-A0JC-01A	tumor
TCGA-AO-A0JE-01A	tumor
TCGA-AO-A0JF-01A	tumor
TCGA-AO-A0JG-01A	tumor
TCGA-AO-A0JM-01A	tumor
TCGA-AO-A126-01A	tumor
TCGA-AO-A128-01A	tumor
TCGA-AO-A12D-01A	tumor
TCGA-AO-A12E-01A	tumor
TCGA-AO-A12F-01A	tumor
TCGA-AO-A12G-01A	tumor
TCGA-AO-A1KO-01A	tumor
TCGA-AO-A1KR-01A	tumor
TCGA-AQ-A04L-01B	tumor
TCGA-AQ-A1H3-01A	tumor
TCGA-AQ-A54O-01A	tumor
TCGA-AR-A0TP-01A	tumor
TCGA-AR-A0TR-01A	tumor
TCGA-AR-A0TT-01A	tumor
TCGA-AR-A0TV-01A	tumor
TCGA-AR-A0TX-01A	tumor
TCGA-AR-A0TZ-01A	tumor
TCGA-AR-A0U0-01A	tumor
TCGA-AR-A0U2-01A	tumor
TCGA-AR-A0U3-01A	tumor
TCGA-AR-A1AH-01A	tumor
TCGA-AR-A1AJ-01A	tumor
TCGA-AR-A1AK-01A	tumor
TCGA-AR-A1AL-01A	tumor
TCGA-AR-A1AN-01A	tumor
TCGA-AR-A1AO-01A	tumor
TCGA-AR-A1AR-01A	tumor
TCGA-AR-A1AX-01A	tumor
TCGA-AR-A24M-01A	tumor
TCGA-AR-A24N-01A	tumor
TCGA-AR-A24V-01A	tumor
TCGA-AR-A24X-01A	tumor
TCGA-AR-A24Z-01A	tumor
TCGA-AR-A250-01A	tumor
TCGA-AR-A251-01A	tumor
TCGA-AR-A252-01A	tumor
TCGA-AR-A254-01A	tumor
TCGA-AR-A255-01A	tumor
TCGA-AR-A2LE-01A	tumor
TCGA-AR-A2LH-01A	tumor
TCGA-AR-A2LK-01A	tumor
TCGA-AR-A2LL-01A	tumor
TCGA-AR-A2LM-01A	tumor
TCGA-AR-A2LR-01A	tumor
TCGA-AR-A5QM-01A	tumor
TCGA-AR-A5QN-01A	tumor
TCGA-AR-A5QP-01A	tumor
TCGA-B6-A0I6-01A	tumor
TCGA-B6-A0IB-01A	tumor
TCGA-B6-A0IC-01A	tumor
TCGA-B6-A0IE-01A	tumor
TCGA-B6-A0IJ-01A	tumor
TCGA-B6-A0IM-01A	tumor
TCGA-B6-A0IO-01A	tumor
TCGA-B6-A0IQ-01A	tumor
TCGA-B6-A0RH-01A	tumor
TCGA-B6-A0RI-01A	tumor
TCGA-B6-A0RL-01A	tumor
TCGA-B6-A0RM-01A	tumor
TCGA-B6-A0RN-01A	tumor
TCGA-B6-A0RO-01A	tumor
TCGA-B6-A0RT-01A	tumor
TCGA-B6-A0RU-01A	tumor
TCGA-B6-A0RV-01A	tumor
TCGA-B6-A0WV-01A	tumor
TCGA-B6-A0WW-01A	tumor
TCGA-B6-A0WX-01A	tumor
TCGA-B6-A0WY-01A	tumor
TCGA-B6-A0WZ-01A	tumor
TCGA-B6-A0X1-01A	tumor
TCGA-B6-A1KN-01A	tumor
TCGA-B6-A400-01A	tumor
TCGA-B6-A408-01A	tumor
TCGA-B6-A409-01A	tumor
TCGA-B6-A40B-01A	tumor
TCGA-B6-A40C-01A	tumor
TCGA-BH-A0AU-11A	normal
TCGA-BH-A0AW-01A	tumor
TCGA-BH-A0AY-01A	tumor
TCGA-BH-A0AY-11A	normal
TCGA-BH-A0AZ-01A	tumor
TCGA-BH-A0AZ-11A	normal
TCGA-BH-A0B0-01A	tumor
TCGA-BH-A0B1-01A	tumor
TCGA-BH-A0B2-01A	tumor
TCGA-BH-A0B3-11B	normal
TCGA-BH-A0B5-11A	normal
TCGA-BH-A0B6-01A	tumor
TCGA-BH-A0B7-11A	normal
TCGA-BH-A0B8-01A	tumor
TCGA-BH-A0B8-11A	normal
TCGA-BH-A0BA-11A	normal
TCGA-BH-A0BC-11A	normal
TCGA-BH-A0BG-01A	tumor
TCGA-BH-A0BJ-11A	normal
TCGA-BH-A0BL-01A	tumor
TCGA-BH-A0BM-11A	normal
TCGA-BH-A0BP-01A	tumor
TCGA-BH-A0BQ-11A	normal
TCGA-BH-A0BR-01A	tumor
TCGA-BH-A0BS-01A	tumor
TCGA-BH-A0BS-11A	normal
TCGA-BH-A0BT-11A	normal
TCGA-BH-A0BV-11A	normal
TCGA-BH-A0BW-01A	tumor
TCGA-BH-A0BW-11A	normal
TCGA-BH-A0BZ-11A	normal
TCGA-BH-A0C0-01A	tumor
TCGA-BH-A0C0-11A	normal
TCGA-BH-A0C1-01B	tumor
TCGA-BH-A0C3-11A	normal
TCGA-BH-A0C7-01B	tumor
TCGA-BH-A0DD-01A	tumor
TCGA-BH-A0DD-11A	normal
TCGA-BH-A0DG-11A	normal
TCGA-BH-A0DH-11A	normal
TCGA-BH-A0DI-01A	tumor
TCGA-BH-A0DK-11A	normal
TCGA-BH-A0DL-11A	normal
TCGA-BH-A0DO-01B	tumor
TCGA-BH-A0DO-11A	normal
TCGA-BH-A0DP-01A	tumor
TCGA-BH-A0DP-11A	normal
TCGA-BH-A0DQ-11A	normal
TCGA-BH-A0DS-01A	tumor
TCGA-BH-A0DT-01A	tumor
TCGA-BH-A0DT-11A	normal
TCGA-BH-A0DV-11A	normal
TCGA-BH-A0DX-01A	tumor
TCGA-BH-A0DZ-11A	normal
TCGA-BH-A0E0-01A	tumor
TCGA-BH-A0E0-11A	normal
TCGA-BH-A0E1-11A	normal
TCGA-BH-A0E7-01A	tumor
TCGA-BH-A0GY-01A	tumor
TCGA-BH-A0GZ-01A	tumor
TCGA-BH-A0H3-01A	tumor
TCGA-BH-A0H5-01A	tumor
TCGA-BH-A0H5-11A	normal
TCGA-BH-A0H6-01A	tumor
TCGA-BH-A0H7-11A	normal
TCGA-BH-A0H9-01A	tumor
TCGA-BH-A0H9-11A	normal
TCGA-BH-A0HA-11A	normal
TCGA-BH-A0HI-01A	tumor
TCGA-BH-A0HK-11A	normal
TCGA-BH-A0HN-01A	tumor
TCGA-BH-A0HO-01A	tumor
TCGA-BH-A0HP-01A	tumor
TCGA-BH-A0HY-01A	tumor
TCGA-BH-A0W4-01A	tumor
TCGA-BH-A0W7-01A	tumor
TCGA-BH-A18I-01A	tumor
TCGA-BH-A18J-01A	tumor
TCGA-BH-A18J-11A	normal
TCGA-BH-A18K-11A	normal
TCGA-BH-A18L-11A	normal
TCGA-BH-A18M-11A	normal
TCGA-BH-A18N-01A	tumor
TCGA-BH-A18N-11A	normal
TCGA-BH-A18P-11A	normal
TCGA-BH-A18Q-11A	normal
TCGA-BH-A18R-11A	normal
TCGA-BH-A18S-11A	normal
TCGA-BH-A18U-01A	tumor
TCGA-BH-A18U-11A	normal
TCGA-BH-A18V-11A	normal
TCGA-BH-A1EN-01A	tumor
TCGA-BH-A1EN-11A	normal
TCGA-BH-A1EO-01A	tumor
TCGA-BH-A1EO-11A	normal
TCGA-BH-A1ES-01A	tumor
TCGA-BH-A1ET-11B	normal
TCGA-BH-A1EU-11A	normal
TCGA-BH-A1EV-01A	tumor
TCGA-BH-A1EV-11A	normal
TCGA-BH-A1EW-01A	tumor
TCGA-BH-A1EW-11B	normal
TCGA-BH-A1EX-01A	tumor
TCGA-BH-A1F0-01A	tumor
TCGA-BH-A1F0-11B	normal
TCGA-BH-A1F2-01A	tumor
TCGA-BH-A1F2-11A	normal
TCGA-BH-A1F5-01A	tumor
TCGA-BH-A1F6-11B	normal
TCGA-BH-A1F8-11B	normal
TCGA-BH-A1FB-11A	normal
TCGA-BH-A1FC-11A	normal
TCGA-BH-A1FD-11B	normal
TCGA-BH-A1FE-01A	tumor
TCGA-BH-A1FE-11B	normal
TCGA-BH-A1FG-11B	normal
TCGA-BH-A1FH-11B	normal
TCGA-BH-A1FJ-11B	normal
TCGA-BH-A1FM-01A	tumor
TCGA-BH-A1FM-11B	normal
TCGA-BH-A1FN-11A	normal
TCGA-BH-A1FR-11B	normal
TCGA-BH-A1FU-11A	normal
TCGA-BH-A202-01A	tumor
TCGA-BH-A203-11A	normal
TCGA-BH-A204-01A	tumor
TCGA-BH-A204-11A	normal
TCGA-BH-A208-11A	normal
TCGA-BH-A209-11A	normal
TCGA-BH-A28O-01A	tumor
TCGA-BH-A28Q-01A	tumor
TCGA-BH-A2L8-01A	tumor
TCGA-BH-A42T-01A	tumor
TCGA-BH-A42U-01A	tumor
TCGA-BH-A5J0-01A	tumor
TCGA-BH-A6R9-01A	tumor
TCGA-BH-A8FY-01A	tumor
TCGA-BH-A8G0-01A	tumor
TCGA-BH-AB28-01A	tumor
TCGA-C8-A12K-01A	tumor
TCGA-C8-A12L-01A	tumor
TCGA-C8-A12U-01A	tumor
TCGA-C8-A12W-01A	tumor
TCGA-C8-A12Y-01A	tumor
TCGA-C8-A130-01A	tumor
TCGA-C8-A132-01A	tumor
TCGA-C8-A133-01A	tumor
TCGA-C8-A134-01A	tumor
TCGA-C8-A137-01A	tumor
TCGA-C8-A138-01A	tumor
TCGA-C8-A1HI-01A	tumor
TCGA-C8-A1HJ-01A	tumor
TCGA-C8-A1HL-01A	tumor
TCGA-C8-A1HO-01A	tumor
TCGA-C8-A26W-01A	tumor
TCGA-C8-A26Y-01A	tumor
TCGA-C8-A26Z-01A	tumor
TCGA-C8-A273-01A	tumor
TCGA-C8-A275-01A	tumor
TCGA-C8-A278-01A	tumor
TCGA-C8-A27A-01A	tumor
TCGA-C8-A27B-01A	tumor
TCGA-C8-A3M7-01A	tumor
TCGA-C8-A8HQ-01A	tumor
TCGA-D8-A13Z-01A	tumor
TCGA-D8-A143-01A	tumor
TCGA-D8-A145-01A	tumor
TCGA-D8-A147-01A	tumor
TCGA-D8-A1JA-01A	tumor
TCGA-D8-A1JD-01A	tumor
TCGA-D8-A1JG-01B	tumor
TCGA-D8-A1JI-01A	tumor
TCGA-D8-A1JN-01A	tumor
TCGA-D8-A1JP-01A	tumor
TCGA-D8-A1JS-01A	tumor
TCGA-D8-A1JT-01A	tumor
TCGA-D8-A1JU-01A	tumor
TCGA-D8-A1X7-01A	tumor
TCGA-D8-A1X9-01A	tumor
TCGA-D8-A1XA-01A	tumor
TCGA-D8-A1XG-01A	tumor
TCGA-D8-A1XL-01A	tumor
TCGA-D8-A1XM-01A	tumor
TCGA-D8-A1XR-01A	tumor
TCGA-D8-A1XS-01A	tumor
TCGA-D8-A1XT-01A	tumor
TCGA-D8-A1XW-01A	tumor
TCGA-D8-A1Y0-01A	tumor
TCGA-D8-A1Y1-01A	tumor
TCGA-D8-A1Y2-01A	tumor
TCGA-D8-A1Y3-01A	tumor
TCGA-D8-A27E-01A	tumor
TCGA-D8-A27G-01A	tumor
TCGA-D8-A27I-01A	tumor
TCGA-D8-A27K-01A	tumor
TCGA-D8-A27L-01A	tumor
TCGA-D8-A27M-01A	tumor
TCGA-D8-A27N-01A	tumor
TCGA-D8-A27P-01A	tumor
TCGA-D8-A27T-01A	tumor
TCGA-D8-A27V-01A	tumor
TCGA-D8-A27W-01A	tumor
TCGA-D8-A4Z1-01A	tumor
TCGA-D8-A73W-01A	tumor
TCGA-D8-A73X-01A	tumor
TCGA-E2-A105-01A	tumor
TCGA-E2-A106-01A	tumor
TCGA-E2-A108-01A	tumor
TCGA-E2-A10B-01A	tumor
TCGA-E2-A10E-01A	tumor
TCGA-E2-A14N-01A	tumor
TCGA-E2-A14O-01A	tumor
TCGA-E2-A14Q-01A	tumor
TCGA-E2-A14R-01A	tumor
TCGA-E2-A14S-01A	tumor
TCGA-E2-A14U-01A	tumor
TCGA-E2-A14V-01A	tumor
TCGA-E2-A14W-01A	tumor
TCGA-E2-A14X-01A	tumor
TCGA-E2-A14Z-01A	tumor
TCGA-E2-A153-11A	normal
TCGA-E2-A154-01A	tumor
TCGA-E2-A156-01A	tumor
TCGA-E2-A158-01A	tumor
TCGA-E2-A158-11A	normal
TCGA-E2-A15A-01A	tumor
TCGA-E2-A15E-01A	tumor
TCGA-E2-A15F-01A	tumor
TCGA-E2-A15H-01A	tumor
TCGA-E2-A15I-11A	normal
TCGA-E2-A15J-01A	tumor
TCGA-E2-A15K-11A	normal
TCGA-E2-A15M-01A	tumor
TCGA-E2-A15M-11A	normal
TCGA-E2-A15P-01A	tumor
TCGA-E2-A15R-01A	tumor
TCGA-E2-A15S-01A	tumor
TCGA-E2-A1B4-01A	tumor
TCGA-E2-A1B6-01A	tumor
TCGA-E2-A1BC-01A	tumor
TCGA-E2-A1BC-11A	normal
TCGA-E2-A1IF-01A	tumor
TCGA-E2-A1IG-11A	normal
TCGA-E2-A1IH-01A	tumor
TCGA-E2-A1IO-01A	tumor
TCGA-E2-A1L7-11A	normal
TCGA-E2-A1LA-01A	tumor
TCGA-E2-A1LB-01A	tumor
TCGA-E2-A1LB-11A	normal
TCGA-E2-A1LE-01A	tumor
TCGA-E2-A1LG-01A	tumor
TCGA-E2-A1LH-11A	normal
TCGA-E2-A1LI-01A	tumor
TCGA-E2-A1LS-11A	normal
TCGA-E2-A2P5-01A	tumor
TCGA-E2-A572-01A	tumor
TCGA-E2-A573-01A	tumor
TCGA-E2-A574-01A	tumor
TCGA-E2-A576-01A	tumor
TCGA-E9-A1N3-01A	tumor
TCGA-E9-A1N4-01A	tumor
TCGA-E9-A1N4-11A	normal
TCGA-E9-A1N5-11A	normal
TCGA-E9-A1N6-11A	normal
TCGA-E9-A1N8-01A	tumor
TCGA-E9-A1N9-11A	normal
TCGA-E9-A1NA-01A	tumor
TCGA-E9-A1NA-11A	normal
TCGA-E9-A1NC-01A	tumor
TCGA-E9-A1ND-11A	normal
TCGA-E9-A1NF-11A	normal
TCGA-E9-A1NG-11A	normal
TCGA-E9-A1NI-01A	tumor
TCGA-E9-A1R7-11A	normal
TCGA-E9-A1RB-11A	normal
TCGA-E9-A1RC-01A	tumor
TCGA-E9-A1RC-11A	normal
TCGA-E9-A1RD-11A	normal
TCGA-E9-A1RE-01A	tumor
TCGA-E9-A1RF-01A	tumor
TCGA-E9-A1RF-11A	normal
TCGA-E9-A1RH-11A	normal
TCGA-E9-A1RI-11A	normal
TCGA-E9-A226-01A	tumor
TCGA-E9-A228-01A	tumor
TCGA-E9-A229-01A	tumor
TCGA-E9-A22A-01A	tumor
TCGA-E9-A22D-01A	tumor
TCGA-E9-A22G-01A	tumor
TCGA-E9-A243-01A	tumor
TCGA-E9-A245-01A	tumor
TCGA-E9-A247-01A	tumor
TCGA-E9-A248-01A	tumor
TCGA-E9-A295-01A	tumor
TCGA-E9-A2JS-01A	tumor
TCGA-E9-A3HO-01A	tumor
TCGA-E9-A3Q9-01A	tumor
TCGA-E9-A3X8-01A	tumor
TCGA-E9-A54X-01A	tumor
TCGA-E9-A5FK-01A	tumor
TCGA-E9-A5UO-01A	tumor
TCGA-EW-A1IY-01A	tumor
TCGA-EW-A1J3-01A	tumor
TCGA-EW-A1J5-01A	tumor
TCGA-EW-A1OW-01A	tumor
TCGA-EW-A1OY-01A	tumor
TCGA-EW-A1P4-01A	tumor
TCGA-EW-A1P6-01A	tumor
TCGA-EW-A1P7-01A	tumor
TCGA-EW-A1PA-01A	tumor
TCGA-EW-A1PB-01A	tumor
TCGA-EW-A1PC-01B	tumor
TCGA-EW-A1PD-01A	tumor
TCGA-EW-A1PG-01A	tumor
TCGA-EW-A1PH-01A	tumor
TCGA-EW-A2FR-01A	tumor
TCGA-EW-A2FW-01A	tumor
TCGA-EW-A3E8-01B	tumor
TCGA-EW-A3U0-01A	tumor
TCGA-EW-A423-01A	tumor
TCGA-GI-A2C8-01A	tumor
TCGA-GI-A2C8-11A	normal
TCGA-GI-A2C9-11A	normal
TCGA-GM-A2D9-01A	tumor
TCGA-GM-A2DB-01A	tumor
TCGA-GM-A2DC-01A	tumor
TCGA-GM-A2DF-01A	tumor
TCGA-GM-A2DI-01A	tumor
TCGA-GM-A2DK-01A	tumor
TCGA-GM-A2DL-01A	tumor
TCGA-GM-A2DM-01A	tumor
TCGA-GM-A2DN-01A	tumor
TCGA-GM-A3XG-01A	tumor
TCGA-GM-A3XL-01A	tumor
TCGA-GM-A5PV-01A	tumor
TCGA-GM-A5PX-01A	tumor
TCGA-HN-A2OB-01A	tumor
TCGA-LD-A66U-01A	tumor
TCGA-LD-A74U-01A	tumor
TCGA-LL-A440-01A	tumor
TCGA-LL-A50Y-01A	tumor
TCGA-LL-A5YO-01A	tumor
TCGA-LL-A6FQ-01A	tumor
TCGA-LL-A73Y-01A	tumor
TCGA-LL-A740-01A	tumor
TCGA-LL-A8F5-01A	tumor
TCGA-LQ-A4E4-01A	tumor
TCGA-OK-A5Q2-01A	tumor
TCGA-OL-A5D7-01A	tumor
TCGA-OL-A5D8-01A	tumor
TCGA-OL-A5RX-01A	tumor
TCGA-OL-A5S0-01A	tumor
TCGA-OL-A66P-01A	tumor
TCGA-OL-A6VO-01A	tumor
TCGA-OL-A97C-01A	tumor
TCGA-PE-A5DD-01A	tumor
TCGA-PL-A8LV-01A	tumor
TCGA-PL-A8LX-01A	tumor
TCGA-PL-A8LY-01A	tumor
TCGA-PL-A8LZ-01A	tumor
TCGA-S3-AA0Z-01A	tumor
TCGA-S3-AA11-01A	tumor
TCGA-S3-AA12-01A	tumor
TCGA-S3-AA15-01A	tumor
TCGA-UL-AAZ6-01A	tumor
TCGA-V7-A7HQ-01A	tumor
TCGA-WT-AB44-01A	tumor
TCGA-XX-A899-01A	tumor
TCGA-XX-A89A-01A	tumor
TCGA-Z7-A8R5-01A	tumor
TCGA-Z7-A8R6-01A	tumor
